customer_id,total_spent,avg_order_value,order_frequency,total_quantity,total_discount,total_margin,first_purchase,last_purchase,customer_lifetime,days_since_last_purchase,avg_discount_rate,profit_margin,cluster
10000453,180549.3,548.7820668693008,329,940,164599.2703,77122.9,2017-01-06,2019-12-30,1088,1,0.9116583132695614,0.42715701473226425,2
10000455,22403.73,1179.1436842105263,19,179,14935.82,15412.46,2017-01-21,2017-11-04,287,787,0.6666666666666666,0.687941695423039,0
10000456,227440.19,2186.924903846154,104,1499,255674.53,101258.89,2017-03-06,2019-11-11,980,50,1.1241396254549383,0.4452110684571623,2
10000457,29723.4,1564.3894736842105,19,373,13118.92,16275.1,2017-05-21,2019-11-22,915,39,0.4413667346265905,0.5475517605657495,2
10000458,103528.05,10352.805,10,326,96941.91,39080.48,2018-01-13,2019-08-05,569,148,0.9363830382200766,0.3774868743301936,2
10000460,96533.04,804.4419999999999,120,429,87347.0502,48303.71,2017-01-01,2018-03-13,436,658,0.9048409767267249,0.5003852566955315,0
10000461,667968.22,2661.22796812749,251,6683,634275.68,261501.13999999998,2017-01-11,2019-12-22,1075,9,0.9495596661769329,0.3914873974094157,2
10000462,1648.46,549.4866666666667,3,3,1213.4598,811.55,2017-02-20,2017-08-20,181,863,0.7361172245611055,0.49230797228928813,0
10000466,92737.54,753.9637398373983,123,517,78241.0012,37409.14,2017-01-29,2019-12-30,1065,1,0.8436820860247102,0.40338723671126064,2
10000469,344124.34,2124.2243209876547,162,1974,386783.0273,140118.78,2017-01-11,2019-12-09,1062,22,1.1239630050579974,0.4071748601101567,2
10000471,554056.85,6756.790853658536,82,1404,587641.4998999999,204066.63,2017-09-29,2019-12-27,819,4,1.0606158914920012,0.36831352233981046,2
10000472,76715.92,983.5374358974359,78,1171,64662.6712,38514.37,2017-01-21,2018-03-20,423,651,0.8428846476715655,0.5020388206254973,0
10000473,5643.73,705.46625,8,12,3779.2199,1841.52,2017-03-28,2018-02-12,321,687,0.6696315911639997,0.3262948440127363,0
10000474,2937.96,587.592,5,6,1856.02,1075.6399999999999,2017-06-02,2018-02-10,253,689,0.6317376683140683,0.3661179866301787,0
10000475,201605.30000000002,2191.361956521739,92,1639,250895.8002,97768.9,2017-01-14,2019-12-13,1063,18,1.2444901012026965,0.48495203251105,2
10000478,85987.62,811.2039622641508,106,231,66925.59,40040.79,2017-01-02,2019-12-09,1071,22,0.7783165762699328,0.4656576144333336,2
10000480,6332.88,904.6971428571429,7,17,5468.02,2934.55,2019-01-19,2019-07-20,182,164,0.8634333826000178,0.463383168479428,2
10000481,24102.1,892.6703703703703,27,36,16725.79,8440.82,2017-01-05,2019-11-03,1032,58,0.6939557134025667,0.3502109774666938,2
10000486,882134.64,6891.676875,128,2126,845902.4988000001,358854.74,2017-01-03,2019-12-17,1078,14,0.9589267447880746,0.4068026849053337,2
10000488,13237.43,661.8715,20,26,10296.629500000001,6244.12,2019-02-05,2019-12-28,326,3,0.7778420358030222,0.4717018333619139,2
10000496,2093.58,697.86,3,3,1871.52,459.39,2019-01-21,2019-07-22,182,162,0.8939328805204483,0.2194279654945118,2
10000497,14768.1,738.405,20,66,11939.13,6483.47,2019-02-03,2019-12-07,307,24,0.8084404899750136,0.43901856027518776,2
10000499,16689.92,794.7580952380952,21,95,13492.9691,9449.93,2017-01-10,2019-12-23,1077,8,0.8084501962861417,0.5662058296265052,2
10000501,149485.41999999998,1758.6519999999998,85,433,134685.5944,66100.78,2019-01-29,2019-08-11,194,142,0.900994855551799,0.44218881011940836,2
10000601,20713.08,828.5232000000001,25,31,12920.42,10536.86,2017-02-12,2019-07-06,874,178,0.6237807221330676,0.5087056101748267,2
10001103,215.57,215.57,1,2,170.25,108.74,2019-06-30,2019-06-30,0,184,0.7897666651203785,0.5044301155077237,2
10001786,35054.19,625.9676785714286,56,285,26173.699999999997,16652.71,2019-01-13,2019-08-27,226,126,0.7466639508714934,0.47505619157082213,2
10001818,4064.91,451.65666666666664,9,9,3286.2400000000002,1788.1000000000001,2019-01-12,2019-11-26,318,35,0.8084410232944887,0.4398867379597581,2
10002114,264.68,264.68,1,2,181.44,190.45,2018-02-26,2018-02-26,0,673,0.6855070273537857,0.7195481335952848,0
10002128,967.92,322.64,3,6,764.46,586.83,2019-01-19,2019-07-20,182,164,0.7897966774113564,0.606279444582197,2
10002136,40251.68,1610.0672,25,117,30421.1995,17713.4,2017-12-31,2018-03-21,80,650,0.7557746533809272,0.44006610407317165,0
10002137,5393.92,770.5600000000001,7,23,3697.76,2579.4700000000003,2018-01-15,2018-03-18,62,653,0.6855422401518747,0.478218067750356,0
10002139,3162.38,3162.38,1,6,2685.76,1041.29,2018-03-18,2018-03-18,0,653,0.8492843997242584,0.32927415427620965,0
10002140,499.57,499.57,1,1,342.47,179.41,2017-12-31,2017-12-31,0,730,0.6855295554176593,0.35912885081169804,0
10002142,278532.51,4642.2085,60,1030,249243.04,108666.96,2017-12-31,2018-03-18,77,653,0.8948436216655643,0.39014102877972845,0
10002144,10502.32,388.9748148148148,27,31,11526.57,4450.91,2017-01-03,2019-12-24,1085,7,1.0975260704301526,0.4238025502936494,2
10002149,76720.89,759.6127722772277,101,425,66718.0405,35762.68,2017-01-06,2019-12-30,1088,1,0.8696202624865275,0.46614005650872925,2
10002150,1349.3999999999999,449.79999999999995,3,5,971.5,753.03,2018-01-16,2018-01-16,0,714,0.7199496072328443,0.5580480213428191,0
10002153,46605.23,4660.523,10,169,1941.89,23973.82,2019-03-10,2019-09-17,191,105,0.04166678289110471,0.5144019244192122,3
10002154,3122752.5,141943.29545454544,22,121176,-90953.928,1154085.14,2018-01-08,2018-03-19,70,652,-0.029126204526295312,0.3695730417316133,1
10002155,43222.11,2161.1055,20,139,38614.200000000004,14861.08,2017-01-03,2019-12-27,1088,4,0.893389980267044,0.34383050711776914,2
10002159,14242.27,569.6908,25,58,11774.7999,6510.02,2019-01-13,2019-09-03,233,119,0.82675022310348,0.4570914608415653,2
10002161,228881.79,823.3157913669065,278,1208,189877.3592,109725.68000000001,2017-12-24,2018-03-21,87,650,0.8295870073368441,0.47939890718261163,0
10002220,345757.19,868.7366582914573,398,1326,290594.3089,168439.31,2017-01-02,2019-08-06,946,147,0.8404577469524206,0.4871606863764713,2
10002240,2818.39,402.6271428571428,7,53,591.41,710.6899999999999,2018-02-13,2018-03-20,35,651,0.20983966023155062,0.25216169515219683,3
10002244,7557.65,944.70625,8,16,6731.83,2763.55,2019-02-04,2019-08-05,182,148,0.8907305842424563,0.3656626067626842,2
10002412,2485.48,1242.74,2,4,1829.6,673.54,2019-10-25,2019-12-27,63,4,0.7361153579992596,0.27098990939375894,2
10002489,144050.31,1051.462116788321,137,1642,137064.97,84527.14,2017-01-04,2019-12-28,1088,3,0.9515076364639549,0.5867890183644867,2
10002501,84090.06,2102.2515,40,193,57922.7746,40772.75,2017-09-29,2018-03-14,166,657,0.6888183288250715,0.48487003101198883,0
10002506,600418.78,840.9226610644258,714,3168,514907.1774,288293.28,2017-01-02,2018-03-21,443,650,0.857580066699446,0.4801536687443388,0
10002520,26752.920000000002,2675.2920000000004,10,42,23393.1352,8441.0,2017-02-13,2017-08-13,181,870,0.8744142770209756,0.3155169603916133,0
10002526,22104.37,736.8123333333333,30,136,17377.5703,12092.32,2017-05-05,2019-12-30,969,1,0.7861599448434857,0.5470556274619001,2
10002709,39521.75,1235.0546875,32,238,30450.27,18598.44,2017-02-08,2018-02-17,374,682,0.7704686659877157,0.47058746133458157,0
10002746,4968.58,828.0966666666667,6,8,3071.2000000000003,2606.22,2018-02-04,2018-03-13,37,658,0.6181242930575739,0.5245402106839379,0
10002765,283974.23,1010.5844483985765,281,831,233862.8861,124956.16,2017-01-07,2019-12-21,1078,10,0.8235355937051049,0.44002640662147413,2
10002969,110801.67,858.9276744186046,129,767,56626.0,45790.26,2017-01-05,2019-12-27,1086,4,0.5110572791908281,0.4132632657973477,2
10003554,12882.34,585.5609090909091,22,26,10414.619999999999,5117.14,2019-01-21,2019-12-27,340,4,0.8084416340509565,0.3972213122771174,2
10003720,127558.38,4724.384444444445,27,1045,148924.362,42942.99,2019-02-01,2019-08-02,182,151,1.1674996342851014,0.3366536169556245,2
10003749,125632.54000000001,2512.6508000000003,50,426,109172.3161,55938.24,2017-02-27,2019-12-23,1029,8,0.8689812058245419,0.4452527983594059,2
10003795,7924.09,495.255625,16,371,6850.98,3486.89,2017-01-29,2019-07-23,905,161,0.8645762478719953,0.4400366477412548,2
10003857,59324.619999999995,2045.6765517241379,29,164,38957.2685,27720.4,2018-01-01,2018-03-13,71,658,0.6566796129499017,0.46726637271338617,0
10003882,33429.409999999996,1285.7465384615384,26,105,27025.9879,15408.56,2019-01-19,2019-12-21,336,10,0.8084494431699514,0.46092826645758933,2
10004207,20236.43,578.1837142857142,35,157,17106.94,11270.09,2017-01-06,2019-11-04,1032,57,0.845353651805185,0.5569208600528848,2
10004245,1378615.94,7372.2777540106945,187,28491,1508241.0774,670098.55,2017-01-04,2019-12-29,1089,2,1.0940255611726062,0.48606615559660515,2
10004255,84806.45,952.8814606741573,89,488,76026.4675,31150.85,2017-02-27,2018-03-20,386,651,0.8964703451211553,0.3673169906298401,0
10004256,127813.33,1131.0914159292035,113,885,127457.0,49441.66,2017-01-10,2019-12-17,1071,14,0.9972121061238292,0.3868271016802395,2
10004302,53293.909999999996,612.5736781609195,87,188,42856.68,24826.78,2017-01-01,2017-12-30,363,731,0.8041571729302655,0.4658464728896792,0
10004516,299971.42,13042.235652173913,23,1539,268832.7452,182988.83000000002,2017-01-22,2019-12-03,1045,28,0.8961945281320468,0.6100208813226274,2
10004602,10773.71,633.7476470588235,17,37,7513.3398,5458.35,2017-12-25,2018-03-17,82,654,0.6973772080369716,0.5066360613010746,0
10005006,372989.73,1922.627474226804,194,2444,431460.8346,184723.47999999998,2017-01-17,2018-03-20,427,651,1.1567633098101655,0.4952508477914392,0
10005043,174150.37,3870.0082222222222,45,494,149942.1064,81027.67,2017-01-08,2019-09-03,968,119,0.8609921781963483,0.4652741765636214,2
10005099,79633.5,1561.4411764705883,51,5307,3318.0202,17073.66,2017-01-07,2019-12-31,1088,0,0.04166613548318233,0.2144029836689333,3
10005236,4249.16,1062.29,4,6,2912.96,2043.82,2017-12-25,2018-02-28,65,671,0.6855378474804432,0.4809938905571925,0
10005376,64748.57,634.7899019607843,102,236,50820.7202,28243.54,2017-01-03,2019-12-06,1067,25,0.7848933219683463,0.4362033014783184,2
10005688,133817.35,1379.5603092783506,97,408,110471.2782,53196.99,2019-01-18,2019-12-31,347,0,0.8255377811621587,0.39753432570589686,2
10005810,63547.56,21182.52,3,72,57997.799999999996,29708.25,2017-01-25,2017-07-25,181,889,0.9126676146180908,0.4674963129976981,0
10005861,1084.43,361.4766666666667,3,4,829.81,700.95,2018-01-13,2018-01-23,10,707,0.7652038398052432,0.6463764373910718,0
10005919,227840.79,6328.910833333333,36,2594,9493.390000000001,115879.99,2017-01-10,2019-12-14,1068,17,0.041666770906122655,0.5086007207050152,3
10005922,91561.58,3157.2958620689656,29,1100,-2666.88,34797.91,2018-02-18,2018-03-11,21,660,-0.029126627128977022,0.38004925209896995,3
10006037,113011.06,1314.0820930232558,86,410,97393.8554,46223.979999999996,2017-02-22,2019-07-09,867,175,0.861808175235238,0.409021736456591,2
10006093,22001.57,758.6748275862069,29,65,15944.87,11059.52,2017-01-31,2018-03-10,403,661,0.7247150998769634,0.5026695822161782,0
10006805,15019.7,682.7136363636364,22,105,13361.49,5853.56,2017-10-27,2017-12-29,63,732,0.8895976617375846,0.3897254938514085,0
10006836,204074.91,995.4873658536585,205,990,165710.837,99793.64,2017-02-08,2019-12-27,1052,4,0.8120098497164595,0.4890049443118706,2
10006846,18646.26,1553.8549999999998,12,28,15231.2376,6543.349999999999,2017-01-07,2019-12-31,1088,0,0.8168521515842856,0.35092023816036033,2
10006848,6336.0,6336.0,1,12,6035.1336,2249.18,2019-11-10,2019-11-10,0,51,0.9525147727272727,0.35498421717171713,2
10006862,102536.0,737.6690647482014,139,612,69236.92,49077.97,2017-01-01,2019-12-13,1076,18,0.6752449871264726,0.4786413552313334,2
10006916,1818.33,454.5825,4,4,1907.81,712.16,2017-12-31,2018-03-03,62,668,1.049209989385865,0.3916560800294776,0
10006917,11276.61,751.774,15,54,8118.49,5993.37,2018-01-03,2018-02-21,49,678,0.7199406559240764,0.5314868564222758,0
10006919,1499515.2,499838.39999999997,3,43200,-43675.2,509760.0,2018-01-06,2018-03-17,70,654,-0.029126213592233007,0.3399498717985653,1
10006977,31187.0,1155.0740740740741,27,83,25493.4598,12980.85,2019-01-21,2019-12-22,335,9,0.8174386699586367,0.4162263122454869,2
10006983,2307.87,576.9675,4,317,1743.45,828.33,2018-02-14,2018-03-03,17,668,0.755436831363985,0.3589153635170092,0
10007117,43352.270000000004,3334.7900000000004,13,76,39195.99,19428.05,2017-01-23,2017-12-09,320,752,0.9041277423304476,0.44814377655426113,0
10007120,13193.960000000001,776.1152941176471,17,153,10722.17,7351.21,2017-05-01,2017-12-19,232,742,0.8126574584127888,0.5571647935873687,0
10007121,132881.49,929.2411888111887,143,878,64341.53,58854.65,2017-01-07,2018-03-07,424,664,0.4842023520356372,0.4429108222672699,0
10007122,1708.53,569.51,3,3,1349.4199999999998,839.3100000000001,2017-05-08,2017-12-01,207,760,0.7898134653766687,0.4912468613369388,0
10007123,330277.06,1747.4976719576719,189,1139,311070.4325,137993.65,2017-01-02,2019-12-17,1079,14,0.9418469223990307,0.4178117911065334,2
10007134,918067.02,3906.668170212766,235,4742,737374.6198999999,415018.06,2017-01-01,2017-12-17,350,744,0.8031816891755897,0.45205638690735234,0
10007183,363929.04,7743.171063829786,47,776,299954.2892,163027.66,2017-12-24,2018-03-13,79,658,0.8242109208982059,0.4479655154752147,0
10007253,19396.760000000002,1939.6760000000002,10,1368,-564.9544,6294.610000000001,2018-01-17,2018-03-07,49,664,-0.029126225204621797,0.3245186309466117,3
10007258,1339.32,446.44,3,3,918.1700000000001,689.52,2018-02-20,2018-03-03,11,668,0.6855493832691217,0.5148284203924379,0
10007309,193446.0,8060.25,24,643,139657.0299,94057.56,2017-01-14,2017-12-18,338,743,0.7219432291182035,0.4862212710523867,0
10007355,33754.36,1054.82375,32,102,24950.71,15981.61,2017-01-16,2017-11-05,293,786,0.7391848045704318,0.4734680201313253,0
10007448,5453.88,545.388,10,645,4731.8,2140.63,2019-03-05,2019-09-20,199,102,0.8676025141733958,0.3924967179329212,2
10007457,377497.8,1859.5950738916256,203,5605,400668.2871,175415.15,2017-01-04,2019-12-30,1090,1,1.0613791314810312,0.4646786021004626,2
10007536,662607.35,47329.09642857143,14,3600,-19299.25,357614.41,2017-12-24,2018-03-10,76,661,-0.029126223848860114,0.5397078828057068,3
10007564,250188.87,3427.2447945205477,73,1392,291141.31320000003,111109.29,2017-01-05,2019-12-30,1089,1,1.163686111216698,0.4441016500853935,2
10007566,15260.72,1271.7266666666667,12,28,11249.19,7111.89,2017-01-09,2018-01-28,384,702,0.7371336345860484,0.46602584937014774,0
10007577,394110.52999999997,858.628605664488,459,1809,357606.1503,162469.11,2017-01-04,2019-12-31,1091,0,0.9073752743932013,0.4122424995850783,2
10007591,2219805.52,8101.4800000000005,274,72742,2547781.7637,366344.51,2017-01-04,2019-12-28,1088,3,1.1477499901432806,0.16503450716709633,2
10007866,591475.91,9696.326393442623,61,1573,665453.999,206827.6,2017-04-30,2019-12-27,971,4,1.1250737143292953,0.349680513615508,2
10008134,114929.22,870.675909090909,132,422,93806.3686,53268.16,2017-01-01,2018-02-18,413,681,0.8162099125009289,0.4634866572660982,0
10008381,81835.49,899.291098901099,91,497,72726.8532,36653.05,2018-01-14,2019-12-30,715,1,0.8886957626819366,0.44788697422108675,2
10008593,284461.43,2017.45695035461,141,1342,295523.699,128056.48,2017-06-09,2019-12-01,905,30,1.0388884672343806,0.45017168056843415,2
10008596,53071.009999999995,2211.2920833333333,24,451,51491.01,18856.989999999998,2017-03-17,2019-11-29,987,32,0.9702285673477857,0.35531620747372245,2
10008602,544621.29,1331.5923960880195,409,3866,509401.2007,264913.15,2017-01-06,2019-12-15,1073,16,0.93533104572537,0.48641717623635317,2
10008638,189358.53,795.6240756302522,238,593,25678.3,101029.85,2017-01-03,2019-12-27,1088,4,0.13560677726004738,0.5335373589982981,3
10008893,36426.630000000005,1517.7762500000001,24,131,28846.898699999998,15333.39,2018-02-14,2018-03-10,24,661,0.7919178551515744,0.4209390218090446,0
10009156,1327.9099999999999,442.6366666666666,3,4,910.35,638.34,2018-01-23,2018-02-13,21,686,0.6855509786054779,0.48071028910091806,0
10009356,928873.37,5562.115988023952,167,6912,1130573.4555,477446.55,2017-01-02,2017-12-30,362,731,1.2171448681966197,0.5140060695248482,0
10009606,2243137.7800000003,7788.672847222223,288,5665,1851970.4222,952124.83,2017-01-03,2019-12-30,1091,1,0.8256159914528298,0.42446114478086133,2
10009623,95370.85,2724.881428571429,35,420,103032.08,32288.39,2017-05-20,2019-11-16,910,45,1.0803309396948857,0.3385561730864305,2
10009631,40324.14,775.4642307692308,52,154,25240.39,14070.859999999999,2017-01-08,2019-12-10,1066,21,0.6259374657463247,0.3489438336440653,2
10009633,20471.739999999998,476.086976744186,43,78,10219.98,11059.62,2017-01-24,2018-02-18,390,681,0.49922380803976607,0.540238396931575,0
10009639,186717.2,952.6387755102041,196,949,163618.1229,78885.17,2017-01-03,2019-12-20,1081,11,0.8762884345952059,0.4224847523420445,2
10009642,1444.82,722.41,2,2,1063.5598,756.26,2017-02-11,2017-08-11,181,872,0.7361192397668914,0.5234285239683836,0
10009643,259241.81,1089.2513025210085,238,1616,204119.2294,135123.44,2017-01-06,2019-12-23,1081,8,0.7873700210625748,0.5212254921380158,2
10009645,257437.88999999998,4516.454210526315,57,768,204819.9424,138024.96000000002,2017-01-10,2019-12-10,1064,21,0.7956091560570202,0.5361485832563343,2
10009647,12969.01,563.87,23,83,10606.7601,7248.27,2017-05-06,2019-11-26,934,35,0.8178542618133535,0.5588915422225752,2
10009650,155500.86,893.6831034482758,174,375,131885.8807,69013.54000000001,2017-01-03,2019-12-20,1081,11,0.8481360212412975,0.44381452295505,2
10009652,691038.89,6061.7446491228075,114,22765,7057.7901,387658.63,2017-01-01,2019-11-15,1048,46,0.010213303769343575,0.5609794696214565,3
10009653,258001.79,3146.363292682927,82,1453,193755.2101,122753.33,2017-01-10,2018-03-19,433,652,0.7509839761189253,0.4757847997876294,0
10009654,26159.82,2378.1654545454544,11,881,16284.601,1805.3700000000003,2017-03-06,2018-02-07,338,692,0.6225043215129157,0.06901308953960694,0
10009656,17687.57,552.7365625,32,52,13872.8801,8436.16,2017-05-09,2019-12-29,964,2,0.7843293397566766,0.47695415481041203,2
10009657,19288.09,1134.5935294117646,17,71,13125.67,10602.39,2017-01-14,2018-01-23,374,707,0.6805064679810183,0.5496858424032653,0
10009660,9304.83,9304.83,1,12,7120.29,2793.44,2018-01-03,2018-01-03,0,727,0.7652251572570374,0.30021397489260954,0
10009662,10605.16,883.7633333333333,12,27,7900.3794,4502.83,2017-01-06,2019-11-12,1040,49,0.7449561722784003,0.4245885964945366,2
10009669,62856.51,714.2785227272727,88,119,21720.9099,37248.46,2017-01-01,2017-12-24,357,737,0.34556340942250846,0.592595102718875,0
10009672,48282.01,1724.3575,28,233,42894.78,19921.15,2017-02-19,2018-03-11,385,660,0.8884215880821863,0.4125998482664661,0
10009676,10843991.23,43203.152310756974,251,57082,11682170.3074,4716492.43,2017-01-05,2019-12-29,1088,2,1.0772943337579588,0.4349406348606941,1
10009679,17915.42,577.9167741935483,31,82,12705.06,9127.94,2017-02-11,2017-12-17,309,744,0.7091689728736474,0.5095018704557304,0
10009697,1320.15,440.05,3,41,646.4,738.04,2017-05-19,2019-08-27,830,126,0.48964132863689724,0.5590576828390712,2
10009863,190213.27,872.5379357798165,218,1081,162145.89800000002,82961.38,2017-01-05,2019-12-28,1087,3,0.8524426187510473,0.43614927602054265,2
10009885,12350.22,650.0115789473684,19,56,8978.8199,6231.49,2017-05-01,2019-11-29,942,32,0.7270170005068737,0.5045651008646,2
10009907,134633.97,1844.3009589041096,73,286,86728.2899,64517.64,2017-01-01,2019-08-04,945,149,0.6441783592952062,0.4792077363536112,2
10009985,893700.09,3739.330920502092,239,14011,880610.7093,446307.18,2017-01-01,2017-12-26,359,735,0.9853537211795514,0.4993925646801714,0
10010698,3183.39,454.77,7,27,2343.32,1787.75,2017-05-08,2017-11-05,181,786,0.7361083624689404,0.5615868618045543,0
10010717,27190.579999999998,3398.8224999999998,8,121,23506.19,10501.33,2017-01-31,2018-03-17,410,654,0.8644975576100252,0.3862120631483404,0
10010832,1168.02,1168.02,1,600,-34.02,-1802.82,2018-02-11,2018-02-11,0,688,-0.029126213592233014,-1.5434838444547183,3
10010855,26221.12,794.5793939393939,33,65,18898.39,13382.31,2018-01-01,2018-03-14,72,657,0.7207316087184682,0.5103637830878315,0
10010865,3790.2000000000003,344.56363636363636,11,15,3388.2,2352.16,2019-02-01,2019-12-31,333,0,0.8939369954092131,0.6205899424832462,2
10010882,9427.86,4713.93,2,24,8006.94,3726.51,2018-03-03,2018-03-21,18,650,0.8492849915039042,0.3952657336871782,0
10010884,245292.37,1168.0589047619048,210,1397,188846.5494,140097.58,2017-01-02,2017-12-25,357,736,0.7698835043258785,0.571145282668189,0
10010886,51251.78,776.5421212121212,66,597,56153.3298,16520.4,2017-01-10,2019-09-01,964,121,1.0956366744725745,0.3223380729410764,2
10010887,67720.26,677.2026,100,356,52549.5012,34359.06,2017-01-10,2019-12-03,1057,28,0.7759790231165681,0.5073675145370086,2
10010897,11482.66,956.8883333333333,12,18,7170.94,5217.07,2017-01-07,2017-11-28,325,763,0.6245016398639339,0.4543433315973825,0
10010906,269712.71,1133.246680672269,238,1879,270935.6606,120917.69,2017-01-11,2019-12-29,1082,2,1.004534271299265,0.44832032572732666,2
10010912,169739.93,893.368052631579,190,586,137798.7654,72893.81,2017-01-02,2019-09-16,987,106,0.8118229187439868,0.42944409132253086,2
10010914,142907.96,830.8602325581395,172,755,105340.30960000001,63921.22,2017-01-18,2017-12-24,340,737,0.7371199588882243,0.4472894302038879,0
10010923,349418.23,7941.323409090909,44,3117,407333.233,183386.42,2017-06-02,2018-03-21,292,650,1.1657469417093664,0.5248335783739733,0
10010935,366953.44,5645.437538461539,65,968,302588.1938,159516.61000000002,2017-01-02,2018-02-17,411,682,0.824595604826596,0.4347053130228184,0
10010969,13937.880000000001,871.1175000000001,16,52,10019.34,6458.08,2017-03-07,2017-12-11,279,750,0.7188568132312805,0.463347367031428,0
10010970,33962.5,754.7222222222222,45,111,25388.4499,14669.55,2017-01-10,2019-12-20,1074,11,0.7475436113360324,0.4319337504600662,2
10010974,2917.42,486.2366666666667,6,6,552.69,1870.49,2017-05-08,2018-02-14,282,685,0.18944478340451495,0.6411452584818093,3
10010990,17585.1,606.3827586206896,29,128,14327.7097,9174.92,2019-01-21,2019-08-19,210,134,0.8147641867262626,0.5217439764345952,2
10011018,5023.3099999999995,627.9137499999999,8,14,4061.1001,2456.56,2019-05-14,2019-06-28,45,186,0.8084510213385199,0.4890321321996851,2
10011052,388639.68,1295.4656,300,2674,351814.33,161515.38,2017-01-11,2019-12-28,1081,3,0.9052455220218378,0.41559158344304936,2
10011089,709.01,354.505,2,3,486.07,215.68,2018-02-06,2018-03-11,33,660,0.685561557664913,0.30419881242859764,0
10011093,38785.68,2585.712,15,390,42275.369999999995,16498.21,2017-12-31,2018-02-21,52,678,1.0899736706949574,0.4253685896444254,0
10011198,52880.29,2033.8573076923078,26,175,49896.699,21947.68,2018-01-13,2019-12-13,699,18,0.9435783918734182,0.4150446224859962,2
10011345,180164.86000000002,3676.8338775510206,49,707,185198.103,66724.97,2017-01-10,2019-11-08,1032,53,1.0279368740385888,0.37035507368084986,2
10011355,136939.0,2738.78,50,6420,72992.32,32611.739999999998,2019-02-01,2019-12-24,326,7,0.5330279905651422,0.23814793448177654,2
10011360,29858.58,2488.215,12,98,27844.5801,11380.02,2018-01-03,2018-03-20,76,651,0.9325487045934535,0.38113064988355105,0
10011398,101144.68,609.3053012048192,166,362,75126.8801,41736.69,2017-01-21,2019-12-10,1053,21,0.7427665014116412,0.41264345292308013,2
10011499,12744.32,490.16615384615386,26,66,9449.6901,5742.13,2018-01-07,2018-03-11,63,660,0.7414824878847989,0.4505638590368101,0
10011521,186982.8,4155.173333333333,45,500,189741.46,36592.19,2017-01-03,2019-12-29,1090,2,1.0147535495243414,0.19569816047251407,2
10011546,46000.95,1095.2607142857141,42,214,35537.7897,22721.22,2018-01-02,2018-03-21,78,650,0.7725446909248614,0.4939293645022549,0
10011600,2377.58,475.51599999999996,5,38,1629.98,1673.9,2018-01-30,2018-02-27,28,672,0.6855626309104216,0.7040351954508366,0
10011623,11325.16,596.061052631579,19,33,9076.91,5451.37,2018-01-02,2018-03-20,77,651,0.8014818333692416,0.4813503738578528,0
10011724,734.1,367.05,2,30,0.0,194.08,2017-02-25,2017-08-25,181,858,0.0,0.264378150115788,3
10011732,47337.59,3641.3530769230765,13,355,-24762.94,44536.62,2017-01-25,2018-01-03,343,727,-0.5231136608348672,0.9408298986070057,3
10011734,55005.479999999996,534.0337864077669,103,271,42319.89,29051.38,2017-01-07,2017-12-29,356,732,0.7693758876388317,0.5281542857184413,0
10011821,780.9,390.45,2,2,535.35,410.81,2018-02-14,2018-03-10,24,661,0.6855551286976566,0.5260724804712511,0
10011842,10963.42,1370.4275,8,23,7515.88,5553.92,2018-01-14,2018-01-21,7,709,0.6855415554635323,0.50658644838928,0
10011870,900030.3,6122.655102040817,147,13285,104993.8396,452424.73000000004,2017-01-04,2019-12-28,1088,3,0.11665589436266757,0.5026772209780048,3
10011979,299921.12,2726.5556363636365,110,5792,110237.70000000001,149952.24,2017-01-24,2018-03-13,413,658,0.3675556426303023,0.49997225937273104,0
10011981,77786.84,1196.7206153846153,65,378,62207.3194,40473.97,2017-01-06,2019-12-10,1068,21,0.7997152140387758,0.520318989690287,2
10011997,158431.06,838.2595767195767,189,683,139323.84,67611.43000000001,2017-02-04,2019-12-29,1058,2,0.8793972596030096,0.4267561550115237,2
10012128,50608.189999999995,3892.937692307692,13,198,45660.17,21138.36,2018-02-05,2018-03-07,30,664,0.9022288684894678,0.41768654441109243,0
10012157,142801.17,2420.3588135593222,59,2099,131976.11000000002,85978.37,2019-01-13,2019-12-10,331,21,0.9241948787954609,0.6020844927250946,2
10012158,6862.29,2287.43,3,18,4704.42,3265.48,2018-02-21,2018-02-21,0,678,0.6855466615371837,0.475858641940227,0
10012161,514505.47,8298.475322580645,62,1442,489997.399,212915.6,2017-01-06,2019-12-02,1060,29,0.9523657717380536,0.4138257266730323,2
10012226,1782263.07,1283.1267602591793,1389,10536,1760466.2744,716139.58,2017-01-03,2019-12-29,1090,2,0.9877701580833406,0.4018147444417394,2
10012234,8825.99,630.4278571428571,14,83,6054.0601,5456.41,2017-02-26,2019-11-26,1003,35,0.685935526779432,0.6182207321784865,2
10012235,227912.65,5426.491666666667,42,1297,169646.7602,111511.89,2017-01-29,2017-11-13,288,778,0.7443499086163053,0.48927468484088094,0
10012305,2111.23,703.7433333333333,3,5,1784.75,1032.02,2019-05-31,2019-06-14,14,200,0.8453602876048559,0.48882405043505445,2
10012328,637.5600000000001,212.52,3,12,469.32,372.12,2019-04-07,2019-12-08,245,23,0.7361189535102578,0.5836627140974967,2
10012369,322.94,322.94,1,3,221.38,233.35,2018-01-27,2018-01-27,0,703,0.6855143370285501,0.7225800458289465,0
10012422,312853.24,857.1321643835616,365,1238,255088.8793,143927.22,2017-01-01,2019-12-31,1094,0,0.8153627537947186,0.4600470815005784,2
10012425,108871.75,1814.5291666666667,60,368,-18546.880100000002,45125.82,2017-01-04,2019-12-28,1088,3,-0.17035530429151732,0.4144860351744139,3
10012600,10425.65,1489.3785714285714,7,28,7240.74,4792.01,2018-01-02,2018-02-17,46,682,0.6945120927711941,0.45963656942253006,0
10012715,1829410.97,1278.4143745632425,1431,10326,1667155.895,785340.81,2017-01-23,2019-12-27,1068,4,0.9113074767448235,0.4292861597960135,2
10012761,49801.409999999996,2371.4957142857143,21,99,46807.3762,21699.16,2017-05-16,2019-12-21,949,10,0.9398805415348682,0.43571376794351807,2
10012851,31345.08,6269.0160000000005,5,59,26425.84,14274.73,2019-05-21,2019-05-21,0,224,0.8430618138476597,0.4554057606488801,2
10012885,49818.04,754.8187878787879,66,161,41871.5996,23083.84,2019-02-09,2019-11-19,283,42,0.8404907057764617,0.46336307088757406,2
10012927,2423.87,605.9675,4,21,1959.59,1338.38,2019-06-08,2019-11-18,163,43,0.8084550739107296,0.5521665765903288,2
10013011,131709.0,2687.938775510204,49,691,123564.8355,55156.75,2017-01-25,2019-09-08,956,114,0.9381654670523655,0.4187773804371759,2
10013039,216.2,216.2,1,1,169.64,118.32,2018-03-07,2018-03-07,0,664,0.7846438482886217,0.5472710453283997,0
10013052,925.3,231.325,4,8,634.33,333.5,2018-01-09,2018-03-20,70,651,0.6855398249216471,0.3604236463849563,0
10013061,14659.460000000001,771.5505263157895,19,51,10553.9399,7458.33,2018-01-21,2018-01-23,2,707,0.7199405639771178,0.5087724923018992,0
10013079,101086.59,1000.8573267326732,101,627,86959.69,46719.85,2019-01-21,2019-12-16,329,15,0.8602495147971655,0.4621765359777197,2
10013080,274732.11,1028.959213483146,267,480,160121.0366,150830.38999999998,2017-01-04,2019-12-31,1091,0,0.5828260722781913,0.5490089600374707,2
10013127,2744.07,914.69,3,4,1881.1897,1457.1,2018-01-09,2018-01-09,0,721,0.6855472710244271,0.5309995736260372,0
10013188,77164.78,847.9646153846154,91,181,50045.4602,40844.39,2017-01-14,2018-03-11,421,660,0.6485531378434566,0.5293138916484956,0
10013232,16810.49,988.8523529411766,17,38,11522.59,7199.57,2017-01-15,2018-03-10,419,661,0.6854404600936677,0.42827841425205326,0
10013238,888255.39,1721.4251744186047,516,9773,1043580.5882,372449.65,2017-01-07,2017-12-23,350,738,1.1748654721926315,0.4193046889363655,0
10013252,46942.65,838.2616071428572,56,232,3447.212,27265.43,2017-03-24,2019-12-29,1010,2,0.073434541935745,0.5808242610930572,3
10013312,1643.0300000000002,547.6766666666667,3,3,1455.83,830.4200000000001,2019-02-15,2019-08-16,182,137,0.8860641619446996,0.5054198645186028,2
10013332,39535.94,658.9323333333334,60,231,33421.94,20588.36,2019-01-22,2019-12-31,343,0,0.8453558964324612,0.5207504867722887,2
10013341,16111.92,5370.64,3,55,-469.27,8755.43,2018-02-19,2018-02-28,9,671,-0.02912564114022413,0.5434131996683201,3
10013397,21357.100000000002,1525.507142857143,14,59,17266.18,9405.400000000001,2019-03-12,2019-12-13,276,18,0.8084515219762982,0.440387505794326,2
10013426,79650.85,1171.3360294117647,68,130,23886.325699999998,46061.13,2017-12-24,2018-03-20,86,651,0.2998878944794688,0.5782879906491895,3
10013472,3298.42,824.605,4,4,2605.09,1209.41,2017-01-23,2017-07-23,181,891,0.7897993584807271,0.36666343279509583,0
10013509,1864.1100000000001,621.37,3,3,1372.1999999999998,514.17,2017-01-24,2017-07-24,181,890,0.7361153579992595,0.2758259973928577,0
10013538,777944.1,4370.472471910112,178,3060,803693.4500000001,268187.08,2019-01-18,2019-12-28,344,3,1.0330992291091354,0.34473824018975147,2
10013572,152387.35,860.9454802259887,177,381,130864.1881,70386.95,2017-01-07,2019-12-24,1081,7,0.8587601798968221,0.4618949670034947,2
10013574,16849.420000000002,526.5443750000001,32,527,11441.449999999999,6395.9400000000005,2017-01-03,2019-12-20,1081,11,0.6790411776785193,0.3795940750482806,2
10013670,12700.12,1154.5563636363638,11,29,9388.09,6308.3,2018-01-06,2018-03-03,56,668,0.7392127003524376,0.4967118420928306,0
10013765,7090.12,644.5563636363636,11,13,5622.11,2191.36,2019-02-18,2019-12-08,293,23,0.792949907758966,0.30907234292226365,2
10013870,1416.16,472.05333333333334,3,3,970.82,679.34,2017-12-24,2018-02-20,58,679,0.6855298836289685,0.4797056829736753,0
10013871,6397.71,639.771,10,43,4431.5599,3524.74,2018-01-02,2018-01-30,28,700,0.6926790836096041,0.5509377574163254,0
10013899,6298.46,787.3075,8,11,3893.2199,2784.25,2017-12-31,2018-03-17,76,654,0.6181225093118,0.4420525017226433,0
10014043,107426.08,1167.6747826086958,92,526,97380.133,48165.62,2017-01-15,2019-12-07,1056,24,0.9064850267272155,0.44836058431993425,2
10014047,2471.67,308.95875,8,69,739.98,1160.05,2017-01-03,2019-11-26,1057,35,0.2993846265885009,0.46933854438497047,3
10014059,304.62,304.62,1,3,208.83,224.34,2018-03-20,2018-03-20,0,651,0.6855426432932835,0.7364585385069923,0
10014238,420250.74,3752.23875,112,1835,407471.8672,167197.55,2017-01-02,2019-11-19,1051,42,0.9695922657982707,0.39785188718525516,2
10014264,72390.33,1540.2197872340425,47,448,58325.7649,38269.840000000004,2017-01-16,2019-08-27,953,126,0.8057121013262407,0.528659559916359,2
10014469,56446.5,895.9761904761905,63,461,48100.32,28479.3,2019-02-09,2019-12-22,316,9,0.852139990964896,0.5045361537030639,2
10014471,398494.33,3162.653412698413,126,4737,416272.2139,182941.95,2017-01-29,2019-12-24,1059,7,1.0446126395324118,0.4590829435389959,2
10014495,8775.14,398.86999999999995,22,35,11761.9699,7105.1900000000005,2017-05-07,2019-11-26,933,35,1.3403740453143769,0.8096953438919494,2
10014533,5938.679999999999,456.8215384615384,13,75,3145.9719999999998,2063.3199999999997,2017-01-10,2019-12-31,1085,0,0.5297426364107849,0.3474374776886446,2
10014540,155440.4,17271.155555555553,9,417,4863.3804,47133.15,2017-05-06,2019-08-19,835,134,0.03128775016019002,0.30322329330084075,3
10014546,194283.87,558.2869827586206,348,979,161487.5303,87447.72,2017-01-02,2018-01-23,386,707,0.8311937079490954,0.45010283149084895,0
10014739,21026.739999999998,512.8473170731706,41,79,22454.1103,7928.16,2017-01-02,2019-06-09,888,205,1.0678835758657785,0.3770513165616734,2
10014779,67272.95,1293.7105769230768,52,316,48873.029800000004,36493.27,2017-03-26,2018-03-21,360,650,0.7264885782472749,0.5424657310256202,0
10014802,46539.97,969.5827083333334,48,195,39428.6907,21406.78,2017-01-02,2019-09-10,981,112,0.8472006041258728,0.4599654877302241,2
10014803,135886.68,956.9484507042253,142,712,128435.2737,54838.54,2017-01-29,2019-12-10,1045,21,0.9451645569676146,0.4035608199420282,2
10014804,301028.57,734.2160243902439,410,1275,263465.2189,141998.54,2017-01-06,2019-12-30,1088,1,0.8752166576747182,0.4717111734610439,2
10014810,134809.31,4085.130606060606,33,49384,22376.166,33887.24,2017-05-05,2019-06-25,781,189,0.16598383301568714,0.25137165971697356,3
10015011,309688.23,2921.587075471698,106,1630,332972.4663,140251.03,2017-01-30,2018-03-20,414,651,1.0751860550205605,0.45287814134880106,0
10015030,69018.24,1769.6984615384617,39,246,51385.5098,36428.34,2017-02-01,2018-03-21,413,650,0.7445207208992869,0.5278074317745569,0
10015253,179832.09,908.2428787878788,198,754,159555.4401,83193.21,2017-01-04,2019-12-28,1088,3,0.8872467650239733,0.46261604366606657,2
10015267,450985.7,1582.4059649122808,285,6200,430576.773,184249.99,2017-01-06,2019-12-30,1088,1,0.9547459553595601,0.4085495172019866,2
10015275,40939.93,818.7986,50,123,30449.6001,18867.96,2017-01-29,2018-03-12,407,659,0.7437628764875758,0.46086937618115126,0
10015325,65977.48,1015.0381538461538,65,272,48614.0,30902.37,2017-01-10,2018-03-19,433,652,0.7368271719380614,0.46837754336782794,0
10015495,1377465.7,2574.702242990654,535,16287,738284.4883,736247.21,2017-01-02,2019-12-28,1090,3,0.5359730469513687,0.5344940422109966,2
10015783,30582.72,1699.04,18,200,26199.739999999998,13247.220000000001,2019-02-19,2019-09-24,217,98,0.8566844283307697,0.43316029444078225,2
10015789,105684.54999999999,2642.1137499999995,40,1432,89679.48,61353.11,2017-09-29,2019-09-09,710,113,0.8485580910360124,0.580530550586628,2
10015793,927814.26,3052.0205921052634,304,4878,812607.9479,400002.84,2017-01-18,2019-12-29,1075,2,0.875830414484037,0.43112383291026374,2
10015824,292915.52,6509.233777777778,45,962,256137.085,128041.5,2017-01-01,2018-02-28,423,671,0.8744401286760086,0.43712774249722236,0
10015886,3219.2000000000003,402.40000000000003,8,22,1989.85,1286.81,2018-02-06,2018-03-17,39,654,0.6181194085487077,0.3997297465208747,0
10015956,66033.73,2871.0317391304347,23,926,52917.24,41284.49,2017-12-25,2018-03-21,86,650,0.8013668166253822,0.6252030591032794,0
10016045,9498.59,452.31380952380954,21,23,6642.2098,4262.87,2017-02-01,2017-12-30,332,731,0.6992837673802111,0.44878976774447576,0
10016047,18987.96,1460.6123076923077,13,43,14650.007999999998,10111.83,2017-02-12,2017-11-25,286,766,0.7715419665935677,0.5325390405288404,0
10016113,301456.07,1415.2867136150235,213,4506,190999.77909999999,128020.88,2017-01-06,2019-12-30,1088,1,0.6335907553627963,0.4246750778645791,2
10016303,21489.5,5372.375,4,100,-21489.5,11583.599999999999,2017-02-01,2017-08-01,181,882,-1.0,0.539035342841853,3
10016334,134726.89,716.6323936170213,188,543,112872.3996,61836.56,2017-01-21,2019-12-28,1071,3,0.8377867224575584,0.4589771203061244,2
10016542,1281.15,427.05,3,27,0.0,584.69,2017-10-20,2017-12-22,63,739,0.0,0.45637903446122624,3
10016548,2036486.94,4251.538496868476,479,5455,1781437.8206,834828.87,2017-01-01,2019-12-15,1078,16,0.8747602479591644,0.40993578382584667,2
10016549,337544.94,788.6564018691589,428,1521,272035.1596,148339.6,2017-01-02,2019-12-29,1091,2,0.8059227894217582,0.4394662233716198,2
10016564,23180.370000000003,2897.5462500000003,8,212,17063.32,16138.03,2017-03-14,2017-11-04,235,787,0.7361107695865078,0.6961938053620369,0
10016588,1208859.43,1697.8362780898876,712,8142,1046339.0231,556609.52,2017-01-02,2019-08-06,946,147,0.8655588872727742,0.4604418894263,2
10016609,68614.84,1106.6909677419355,62,533,65001.819800000005,29845.05,2017-05-21,2019-12-31,954,0,0.9473434580624251,0.4349649434437215,2
10016780,117453.98,2936.3495,40,9080,133449.358,25979.15,2017-01-03,2019-12-20,1081,11,1.1361842144472245,0.22118577846404186,2
10016784,16672.02,537.8070967741936,31,48,12836.1503,8676.25,2017-12-31,2019-12-08,707,23,0.7699217191438109,0.5204078450001859,2
10016807,81776.24,879.3144086021506,93,588,64162.4,41608.68,2017-01-11,2019-11-09,1032,52,0.7846093192839386,0.5088113613440775,2
10016858,312623.68,3812.4839024390244,82,1182,280644.4702,145507.46,2017-01-02,2019-11-17,1049,44,0.8977070137489265,0.465439662152272,2
10017036,1046739.48,1798.521443298969,582,11017,1312530.0062,430261.24,2017-01-03,2019-12-31,1092,0,1.253922328600809,0.4110490224367958,2
10017054,10405.63,1156.181111111111,9,23,8436.02,3815.9,2019-02-05,2019-12-22,320,9,0.8107168907600982,0.366714941815152,2
10017072,30817.670000000002,906.4020588235295,34,313,16326.119999999999,21633.79,2017-02-12,2018-03-14,395,657,0.5297649043551962,0.7019930448992412,0
10017290,64986.97,2599.4788,25,231,41198.13,33347.01,2017-03-21,2019-07-27,858,157,0.6339444660983579,0.5131337866652346,2
10017307,1192.78,596.39,2,2,878.02,501.62,2017-02-21,2017-08-21,181,862,0.7361122755244052,0.42054695752779225,0
10017314,31655.77,719.4493181818182,44,290,24465.08,18985.21,2017-05-19,2019-12-28,953,3,0.7728474145471742,0.5997393208252397,2
10017553,57546.93,2397.78875,24,258,39668.5529,27917.38,2017-01-02,2018-02-13,407,686,0.6893252672210316,0.4851237068597752,0
10017576,116900.19,1016.5233913043478,115,414,90616.7995,54389.07,2017-02-28,2018-03-11,376,660,0.7751638342076261,0.46526074936234063,0
10017585,363577.17,1044.7619827586207,348,1429,308251.0708,153862.21,2017-01-10,2019-12-27,1081,4,0.8478284563356935,0.42318996542054604,2
10017638,880330.39,1111.5282702020202,792,8319,777506.8649,410582.09,2017-01-01,2019-06-25,905,189,0.8831989372762652,0.46639545182576286,2
10017828,2209632.96,10422.796981132075,212,72061,2378360.7732,410592.15,2017-01-03,2019-12-17,1078,14,1.076360108784764,0.18581916428328443,2
10017852,18352.08,1668.3709090909092,11,143,13374.3939,8260.82,2017-01-30,2018-01-17,352,713,0.7287671969607803,0.4501299035313708,0
10018129,4940.19,617.52375,8,12,3556.6401,2681.56,2018-01-06,2018-03-10,63,661,0.7199399415811943,0.542805033814489,0
10018146,100581.68000000001,1734.1668965517242,58,999,118434.87,35064.56,2017-03-27,2019-11-24,972,37,1.1774994213657992,0.3486177602123965,2
10018352,13808.84,812.2847058823529,17,84,8523.36,6886.71,2017-02-21,2019-06-21,850,193,0.6172393915781486,0.4987174882176924,2
10018363,314943.2,1897.2481927710844,166,3174,350047.7547,144495.01,2017-02-15,2018-03-19,397,652,1.1114631295420887,0.4587970465785577,0
10018371,415148.69,5535.315866666667,75,1053,346752.5,170607.96,2017-01-17,2019-06-28,892,186,0.8352489321356162,0.41095627689443026,2
10018518,47602.69,602.5656962025316,79,135,29397.7399,21147.81,2017-01-04,2019-12-24,1084,7,0.6175646775423825,0.44425661659036497,2
10018580,8319.9,924.4333333333333,9,28,6403.884,3255.02,2017-01-24,2018-03-17,417,654,0.7697068474380702,0.3912330677051407,0
10018603,159842.69,1631.047857142857,98,517,140041.6734,71223.53,2017-01-30,2019-12-10,1044,21,0.8761218508021855,0.44558515625581624,2
10018623,857.91,857.91,1,1,632.85,311.47,2018-01-15,2018-01-15,0,715,0.7376647900129385,0.3630567308925179,0
10018628,57216.3,1167.6795918367347,49,159,42170.7599,25419.86,2017-01-01,2018-01-16,380,714,0.7370410162838211,0.4442765435723736,0
10018644,90844.3,865.1838095238096,105,318,77620.3296,40355.33,2017-01-01,2017-12-22,355,739,0.8544325796995518,0.44422522932093705,0
10018665,200758.38,1056.623052631579,190,1050,168057.0738,88220.66,2017-01-14,2019-12-29,1079,2,0.8371111273163293,0.4394369988440831,2
10018867,3913.49,559.0699999999999,7,7,2880.7798,1952.84,2017-06-09,2017-12-16,190,745,0.7361152832893402,0.49900216941911185,0
10018868,83269.54,2686.114193548387,31,203,68411.6654,37997.53,2017-03-06,2018-03-10,369,661,0.8215689122336932,0.4563196818428444,0
10018871,1434935.66,5256.174578754579,273,65426,-223051.55579999997,659258.58,2017-01-02,2018-02-28,422,671,-0.15544359375667058,0.4594342439019182,3
10018877,1785.53,892.765,2,2,1282.3937999999998,847.63,2017-05-16,2017-05-16,0,959,0.7182146477516479,0.474721791288861,0
10018885,184949.07,994.3498387096774,186,935,186179.272,85519.84,2017-01-05,2019-12-29,1088,2,1.0066515717002524,0.46239670196773625,2
10019066,469865.6,868.5131238447319,541,2162,369730.242,210456.82,2017-12-24,2018-03-20,86,651,0.7868851050172646,0.4479085508707171,0
10019105,5070.34,362.1671428571429,14,53,3381.036,2630.96,2017-01-10,2019-11-08,1032,53,0.6668262877834622,0.5188922241900937,2
10019109,14485.439999999999,1034.6742857142856,14,134,6724.798,4940.51,2017-02-18,2019-08-17,910,136,0.4642453387677558,0.34106730620540354,2
10019150,53513.05,608.1028409090909,88,758,42833.19,24089.12,2017-11-14,2019-09-16,671,106,0.8004251299449386,0.4501541212844343,2
10019194,3113493.93,1131.3568059593024,2752,15911,2991758.8228,1296375.47,2017-01-03,2019-12-31,1092,0,0.9609008047110598,0.41637321258564325,2
10019388,5882.36,452.48923076923074,13,23,4770.7701,2642.43,2017-05-19,2019-05-31,742,214,0.8110299437640675,0.44921256094492684,2
10019400,1046313.52,2890.3688397790056,362,3334,958531.4696,395947.19,2018-03-19,2019-12-30,651,1,0.9161034921922828,0.3784211734165492,2
10019410,188481.34,3194.5989830508474,59,1577,227909.63,94675.94,2017-01-02,2018-03-14,436,657,1.2091893552963917,0.5023093532760325,0
10019420,11666.08,1458.26,8,19,7343.9056,6061.43,2017-06-13,2018-03-17,277,654,0.6295092781808457,0.5195772701713001,0
10019469,291.73,291.73,1,1,199.99,132.59,2018-01-03,2018-01-03,0,727,0.6855311418092072,0.454495595242176,0
10019512,481.86,240.93,2,2,354.7,318.48,2019-02-26,2019-08-27,182,126,0.7361059228821649,0.6609388619100984,2
10019514,6043.36,464.8738461538461,13,15,4885.79,2754.91,2019-03-19,2019-12-13,269,18,0.8084558920865215,0.45585733763998837,2
10019617,26231.63,610.0379069767442,43,105,20745.13,13095.76,2018-01-29,2019-12-28,698,3,0.7908441069045271,0.4992354649711055,2
10019664,65641.53,676.7168041237113,97,253,25192.389900000002,37769.49,2017-01-05,2019-12-31,1090,0,0.3837873660166057,0.5753901531545654,3
10019665,30419.9,573.9603773584906,53,142,22492.4999,16632.14,2017-02-19,2019-06-18,849,196,0.7394008494439495,0.5467519617092758,2
10019678,13257.74,1019.8261538461538,13,87,12531.8132,4942.02,2017-05-08,2018-03-20,316,651,0.9452450568498101,0.372764890546956,0
10019682,28137.870000000003,2344.8225,12,76,19954.68,11366.17,2017-03-26,2018-03-07,346,664,0.7091752147550614,0.4039456433624862,0
10019812,314331.59,719.2942562929062,437,1870,293535.5365,137305.0,2017-01-10,2019-12-31,1085,0,0.9338403960607331,0.43681578424872913,2
10019879,1789.56,596.52,3,3,1446.75,439.62,2019-02-04,2019-08-05,182,148,0.8084389458861396,0.2456581506068531,2
10019880,4162.099999999999,594.5857142857142,7,115,-0.02,1567.15,2017-02-18,2017-12-22,307,739,-4.805266572163092e-06,0.37652867542826945,3
10019897,41136.52,623.280606060606,66,143,29681.8704,19486.48,2017-01-03,2019-11-26,1057,35,0.7215454880480897,0.4737026855942117,2
10019900,96394.55,1397.022463768116,69,312,84662.5217,41567.979999999996,2017-05-28,2019-12-03,919,28,0.8782915807999518,0.4312274915957385,2
10019909,203493.42,804.3218181818182,253,2260,178093.1302,93342.92,2017-01-04,2019-12-29,1089,2,0.8751788151184446,0.4587023993208232,2
10019913,12992.779999999999,1181.161818181818,11,50,5330.99,4322.09,2017-01-10,2019-11-08,1032,53,0.41030403039226404,0.3326532120146728,3
10019942,304222.37,1491.2861274509803,204,2809,274696.4699,166971.73,2017-01-01,2018-03-19,442,652,0.9029463214687337,0.548847640625507,0
10019952,28518.51,4753.085,6,118,-830.63,14863.32,2018-01-23,2018-02-10,18,689,-0.02912599571295976,0.5211815063269435,3
10020080,47572.130000000005,1081.1847727272727,44,101,35795.8399,18900.96,2017-01-07,2019-12-31,1088,0,0.752454008260719,0.39731161921906794,2
10020181,1178657.81,2567.8819389978216,459,3700,1041462.929,482964.8,2017-01-15,2019-12-06,1055,25,0.8836007534705937,0.40975828260112235,2
10020184,2996290.75,13141.626096491229,228,179244,0.07400000022520001,843138.9,2017-01-08,2017-12-30,356,731,2.4697202774864226e-08,0.281394220504135,3
10020192,429692.73,906.524746835443,474,1877,356573.1909,202154.81,2017-01-01,2019-12-30,1093,1,0.8298329620331254,0.47046364968753374,2
10020193,47498.14,5277.571111111111,9,178,44731.25,20080.53,2017-12-24,2018-03-18,84,653,0.9417474031614712,0.4227645545699263,0
10020227,346.16,346.16,1,2,231.3,219.13,2017-12-31,2017-12-31,0,730,0.6681881211000693,0.6330309683383406,0
10020247,1890.05,315.0083333333333,6,7,1528.02,763.05,2019-01-22,2019-07-23,182,161,0.8084548027829952,0.40371947832067934,2
10020256,1060.2,265.05,4,10,811.3,581.28,2018-01-01,2018-02-28,58,671,0.7652329749103942,0.5482739105829089,0
10020266,30399.64,741.4546341463415,41,47,21223.1196,11749.64,2017-01-10,2019-12-20,1074,11,0.6981372016247561,0.38650589283294146,2
10020281,3455.49,691.098,5,7,2368.8899,1692.06,2018-01-17,2018-02-28,42,671,0.6855438447224562,0.4896729552104043,0
10020306,228.02,228.02,1,4,140.94,139.54,2018-03-19,2018-03-19,0,652,0.6181036751162179,0.6119638628190509,0
10020332,190532.18,7328.160769230769,26,520,145360.6203,56580.840000000004,2019-02-10,2019-12-29,322,2,0.7629190003494424,0.2969621194697925,2
10020364,12315.31,2463.062,5,97,10096.363599999999,4679.42,2018-01-22,2018-03-04,41,667,0.8198221238442231,0.3799676987424596,0
10020388,1626.37,406.5925,4,5,1114.95,647.8199999999999,2018-01-24,2018-02-20,27,679,0.6855451096613933,0.39832264490860014,0
10020390,8299.23,2074.8075,4,16,5974.969000000001,4551.34,2018-02-04,2018-03-18,42,653,0.7199425729856868,0.5484050930026039,0
10020393,47143.63,1625.6424137931033,29,374,38113.229999999996,27139.97,2019-01-27,2019-12-22,329,9,0.8084492008782522,0.5756868955572577,2
10020413,13683.4,3420.85,4,56,-9141.16,7261.51,2017-05-07,2018-01-24,262,706,-0.6680474151161261,0.5306802402911558,3
10020445,57665.58,600.683125,96,172,49942.5898,27016.56,2017-01-07,2019-12-17,1074,14,0.8660727907358254,0.46850408857415465,2
10020446,26536.059999999998,1769.0706666666665,15,169,18918.489999999998,12456.560000000001,2017-03-24,2019-08-12,871,141,0.7129351531463224,0.4694201023060696,2
10020448,11940.02,1492.5025,8,47,12631.92,6057.46,2017-01-08,2019-09-09,974,113,1.057947976636555,0.5073241083348269,2
10020449,145416.83000000002,2423.613833333334,60,438,121346.94,60039.200000000004,2017-01-24,2018-03-03,403,668,0.8344765870635469,0.41287655631057285,0
10020491,4551.26,413.7509090909091,11,66,3565.99,2040.94,2017-12-25,2018-02-07,44,692,0.7835170919701356,0.4484340600185443,0
10020492,18711.01,984.79,19,47,14427.2,9444.06,2018-01-21,2018-03-10,48,661,0.7710540478573846,0.5047327749811474,0
10020515,861160.63,852.6342871287129,1010,4632,810565.1771,381577.14,2017-01-03,2019-12-31,1092,0,0.9412473687980836,0.4430963593865177,2
10020639,75977.49,799.7630526315791,95,306,59544.5901,35477.6,2017-01-11,2019-09-20,982,102,0.783713572269892,0.4669488291861181,2
10020662,120477.69,3256.1537837837836,37,407,106706.57449999999,55784.04,2017-01-30,2018-03-07,401,664,0.885695720925592,0.4630238179367483,0
10020663,248504.66,1267.880918367347,196,2042,188975.2305,121482.41,2017-01-14,2019-08-02,930,151,0.76044944388568,0.488853649665966,2
10020672,870422.79,1438.7153553719008,605,7697,855704.7733,418803.75,2017-01-05,2019-12-31,1090,0,0.9830909566372912,0.4811497984789667,2
10020684,490169.97000000003,3311.959256756757,148,3404,436817.2737,249807.65,2017-01-04,2019-12-28,1088,3,0.891154702316831,0.5096347497583338,2
10020715,4749.65,2374.825,2,20,4857.25,2751.02,2018-02-20,2018-02-20,0,679,1.02265430084322,0.579204783510364,0
10020849,33985.29,2124.080625,16,143,25829.27,15681.06,2018-01-13,2018-03-03,49,668,0.7600132292530092,0.4614072735586484,0
10020864,206568.06,25821.0075,8,2732,-6016.56,114714.82,2018-01-14,2018-02-25,42,674,-0.02912628409251653,0.5553366769286597,3
10020868,289.72,289.72,1,2,156.4,215.49,2018-01-24,2018-01-24,0,706,0.5398315615076625,0.7437871047908325,0
10020907,150436.38,1880.45475,80,797,112077.9458,67942.88,2017-02-14,2019-09-15,943,107,0.7450188963600427,0.4516386262418705,2
10020909,13102.18,935.87,14,118,9581.33,7738.5,2017-03-17,2018-03-19,367,652,0.731277543126411,0.5906269033092203,0
10020914,252453.61,767.3362006079027,329,2446,206706.8602,120245.1,2017-01-11,2019-11-23,1046,38,0.8187914611322057,0.47630572603022003,2
10020915,37463.6,1498.5439999999999,25,134,28109.0101,16099.85,2017-01-09,2018-02-25,412,674,0.7503018957067661,0.429746473910676,0
10020927,588456.31,3655.008136645963,161,3832,508404.9595,316816.05,2017-01-07,2019-08-27,962,126,0.8639638166170738,0.5383849992193982,2
10020931,12935.04,760.884705882353,17,33,7544.59,5609.69,2017-01-16,2017-12-26,344,735,0.583267620355252,0.43368168942654983,0
10020962,414289.95,4761.953448275862,87,1805,361281.3402,147333.02,2017-01-01,2019-11-25,1058,36,0.8720494914250273,0.35562779159861346,2
10020982,26588.12,1772.5413333333333,15,69,10220.4999,12282.87,2019-01-13,2019-09-17,247,105,0.38440099939371425,0.46196835278312276,3
10021006,127157.7,1718.3472972972972,74,1269,129689.16,41479.61,2019-01-19,2019-12-28,343,3,1.0199080354551868,0.3262060417890541,2
10021107,791.48,263.82666666666665,3,3,542.56,426.69,2018-01-27,2018-03-10,42,661,0.6855005811896699,0.5391039571435791,0
10021111,271.11,271.11,1,1,207.45,175.24,2018-01-31,2018-01-31,0,699,0.7651875622441074,0.646379698277452,0
10021139,101145.53,954.2031132075472,106,759,65654.38,45526.46,2017-01-23,2019-12-23,1064,8,0.6491080722993888,0.45010847241593377,2
10021145,10130.52,1447.217142857143,7,13,6765.279999999999,3260.99,2017-01-22,2018-02-13,387,686,0.6678117214121287,0.32189759262110923,0
10021158,630389.29,2764.865307017544,228,5335,753582.28,286302.81,2017-01-03,2019-12-28,1089,3,1.1954236722517921,0.45416826481934675,2
10021160,1153888.15,2640.4763157894736,437,3604,925764.1898,483196.26,2017-01-03,2019-12-23,1084,8,0.8022997634562762,0.41875485071928337,2
10021175,296077.0,2741.453703703704,108,1145,277048.2802,120237.0,2017-01-10,2019-12-24,1078,7,0.935730503213691,0.40610044008822027,2
10021179,12553.390000000001,660.7047368421054,19,89,8325.9409,6229.9,2017-01-25,2018-03-19,418,652,0.6632424309290159,0.4962723216597269,0
10021184,358154.6,2266.8012658227844,158,1023,344068.8999,147855.09,2017-02-14,2019-12-09,1028,22,0.9606714527748632,0.4128247689684846,2
10021203,87016.07,925.7028723404256,94,1511,75802.2198,42360.78,2017-02-12,2018-03-19,400,652,0.8711289742228073,0.486815596245613,0
10021204,109155.27,3118.722,35,9042,119677.177,22175.670000000002,2017-01-02,2017-12-29,361,732,1.096393944149467,0.20315711737967393,0
10021222,603007.42,10396.679655172415,58,19762,625263.5011,121542.81,2017-01-08,2018-03-18,434,653,1.0369084697166744,0.2015610521011499,0
10021223,2315.21,1157.605,2,110,2259.39,1026.79,2018-01-22,2019-06-02,496,212,0.9758898760803555,0.44349756609551616,2
10021231,9865.55,1973.11,5,14,6577.03,3172.55,2017-02-01,2017-12-24,326,737,0.6666663287905895,0.32157862460785264,0
10021239,93336.61,2276.5026829268295,41,657,92968.8285,31090.7,2019-01-22,2019-12-09,321,22,0.9960596222639756,0.3331029485643415,2
10021240,188720.94999999998,1626.9047413793103,116,569,132525.3777,81278.18000000001,2019-01-20,2019-12-21,335,10,0.7022292845600874,0.4306791588321276,2
10021242,3912.24,1956.12,2,176,-113.9312,1365.82,2018-01-28,2018-03-04,35,667,-0.029121730773163202,0.34911457374803184,3
10021270,9650.49,965.049,10,17,6615.83,4724.66,2018-02-12,2018-03-17,33,654,0.6855434283647773,0.48957721317777647,0
10021283,14322.79,409.2225714285714,35,105,10101.9,4840.47,2019-02-25,2019-12-31,309,0,0.7053025283481779,0.33795580330368596,2
10021286,28771.83,3196.8700000000003,9,1056,-837.9899999999999,10833.36,2018-01-07,2018-03-11,63,660,-0.029125363245924914,0.37652662343688253,3
10021297,111036.86,2220.7372,50,1422,104004.03970000001,55614.26,2017-12-24,2018-03-17,83,654,0.9366622912427459,0.5008630467396142,0
10021300,8707904.14,129968.71850746269,67,363528,362829.40880000003,2878721.2199999997,2017-01-05,2019-12-29,1088,2,0.04166667466323303,0.33058715090540713,1
10021305,3852.89,550.4128571428571,7,18,2728.21,1827.25,2017-12-25,2018-02-06,43,693,0.7080944433918436,0.47425439085984805,0
10021331,42064.24,2003.0590476190475,21,110,34485.0468,19287.53,2018-01-10,2018-01-22,12,708,0.8198186107724755,0.458525578971592,0
10021380,242.08,242.08,1,1,165.96,97.87,2018-02-21,2018-02-21,0,678,0.6855584930601454,0.404287838730998,0
10021411,10097.18,841.4316666666667,12,42,6837.99,3842.3199999999997,2017-03-10,2018-03-20,375,651,0.6772177974444349,0.3805339708710749,0
10021412,140630.48,5022.517142857143,28,848,144832.03,52017.35,2017-01-02,2018-02-21,415,678,1.0298765246339199,0.3698867414802253,0
10021415,1935.26,483.815,4,4,1564.58,799.5,2017-01-10,2019-11-08,1032,53,0.8084598451887601,0.4131227845354113,2
10021418,34982.54,636.0461818181818,55,160,28386.656300000002,18110.48,2017-01-11,2019-12-13,1066,18,0.8114521215440618,0.5177005443286851,2
10021422,7544.47,943.05875,8,597,4037.342,2692.07,2017-01-03,2019-12-06,1067,25,0.535139247687379,0.3568269209102826,2
10021459,122325.95,7195.644117647059,17,275,101516.36,50273.61,2017-11-14,2018-03-19,125,652,0.8298840924595313,0.4109807444781749,0
10021470,97920.35,518.09708994709,189,564,73076.0198,49304.23,2017-01-02,2019-05-31,879,214,0.7462802144804425,0.5035136210195327,2
10021472,63968.1,735.2655172413793,87,906,72472.3,24233.69,2017-01-10,2019-12-28,1082,3,1.132944389469126,0.3788402344293484,2
10021485,11397206.36,38634.59783050847,295,57287,11298280.3646,5215559.07,2017-01-01,2019-12-21,1084,10,0.9913201540557174,0.45761732351400547,1
10021494,12276.109999999999,584.5766666666666,21,29,7458.01,6061.99,2017-12-31,2018-03-20,79,651,0.6075222525702361,0.4938038189621957,0
10021668,514713.12,1228.4322673031027,419,2425,459311.9975,229990.11,2017-01-06,2019-12-30,1088,1,0.8923650469605282,0.44683164478107723,2
10021736,398624.79,2290.9470689655172,174,1090,333412.3,179033.18,2017-01-30,2019-05-20,840,225,0.8364063358929584,0.44912706006066505,2
10021750,242545.66999999998,2225.1896330275226,109,3555,10106.14,74086.86,2019-03-09,2019-11-30,266,31,0.04166695698999698,0.30545529837741486,3
10021804,308136.79,6162.7357999999995,50,1520,258218.59399999998,145914.80000000002,2018-01-07,2018-03-14,66,657,0.8379998831038643,0.47353904089154697,0
10021911,499212.19,941.9097924528302,530,2029,411512.5146,219156.85,2017-01-08,2019-12-14,1070,17,0.8243238503450807,0.4390054056973248,2
10021936,41972.38,482.44114942528734,87,238,32376.89,20276.86,2017-01-15,2019-11-19,1038,42,0.7713856112043206,0.48310007676476774,2
10021977,502497.26,1163.1881018518518,432,2396,418040.7845,230647.03,2017-01-02,2019-08-25,965,128,0.8319264954797962,0.4590015674911342,2
10021986,240827.44,712.5072189349113,338,759,56972.51,128642.26,2017-01-01,2019-12-29,1092,2,0.2365698443665722,0.534167784202664,3
10021996,54407.61,812.0538805970149,67,174,48355.5231,23035.78,2017-02-04,2019-12-31,1060,0,0.8887639633499799,0.42339260996761297,2
10022166,14319.39,1101.4915384615383,13,34,10067.9221,6328.03,2017-03-05,2018-02-27,359,672,0.703097136121022,0.4419203611327019,0
10022167,227531.28,3669.85935483871,62,12331,-46107.819,98822.64,2017-12-25,2019-05-25,516,220,-0.20264386944951043,0.43432551339754255,3
10022168,52426.1,672.1294871794871,78,885,59935.07,21758.2,2017-01-01,2017-12-30,363,731,1.1432296127310633,0.41502610341032425,0
10022183,32579.33,626.525576923077,52,158,26338.75,17832.9,2017-01-06,2019-12-09,1067,22,0.8084497133612016,0.5473685309059456,2
10022201,72476.47,1907.2755263157894,38,217,64534.939,29412.82,2017-01-28,2019-11-29,1035,32,0.8904260789743209,0.40582578042225287,2
10022240,98536.14,821.1345,120,689,80124.07,49086.78,2017-01-01,2019-12-13,1076,18,0.8131439896062501,0.49816016742689534,2
10022249,8765.98,1460.9966666666667,6,24,2150.9,2354.1499999999996,2017-02-25,2017-12-29,307,732,0.24536902890492565,0.2685552556588082,3
10022252,11796.27,737.266875,16,32,8683.36,4470.92,2017-01-07,2019-11-05,1032,56,0.736110651926414,0.37901133154802324,2
10022423,14834.789999999999,927.1743749999999,16,138,8168.9400000000005,5650.110000000001,2017-01-03,2019-12-06,1067,25,0.5506609800340956,0.3808688899539529,2
10022431,9904.71,450.2140909090909,22,23,7222.3299,4525.04,2017-01-02,2017-11-26,328,765,0.7291813591715457,0.45685739410845955,0
10022434,4342.77,434.27700000000004,10,10,3510.88,1995.01,2019-05-18,2019-12-29,225,2,0.8084425378272393,0.459386520584788,2
10022444,856556.26,3692.0528448275863,232,14001,915320.8393,409743.78,2017-01-06,2019-12-28,1086,3,1.0686056270255966,0.4783617832645342,2
10022450,494496.46,1264.6968286445012,391,3048,555700.3646,229260.93,2017-01-07,2019-12-31,1088,0,1.1237701572221568,0.46362501765937814,2
10022456,1192127.82,1608.8094736842106,741,8447,1131502.3825,517381.21,2017-01-05,2019-12-29,1088,2,0.9491451868810511,0.4339981009754474,2
10022470,35736.98,3573.6980000000003,10,166,591.97,17023.760000000002,2017-01-29,2017-07-29,181,885,0.016564634168863737,0.47636258016206184,3
10022490,135214.57,726.9600537634409,186,528,113024.6884,62992.96,2017-01-02,2017-12-24,356,737,0.8358913421830206,0.4658740548448292,0
10022678,12923.1,615.3857142857144,21,1055,9512.74,7333.96,2017-01-29,2017-11-14,289,777,0.7361035664817265,0.5675077961170307,0
10022687,634276.76,1190.0126829268293,533,4425,570173.7073,318726.89,2017-01-07,2019-12-31,1088,0,0.8989352018825347,0.502504443013173,2
10022725,52728.07,667.4439240506329,79,243,37601.44,25268.94,2017-01-07,2017-12-16,343,745,0.7131199757548494,0.47923127093405843,0
10022730,42642.5,789.675925925926,54,214,28684.6477,22274.17,2017-01-07,2019-08-30,965,123,0.6726774391745325,0.522346719821774,2
10022732,491311.39,1068.068239130435,460,2193,455459.1311,212105.11000000002,2017-01-09,2019-12-31,1086,0,0.927027421652081,0.431712177484833,2
10022746,71474.9,1134.5222222222221,63,458,61765.6496,32828.36,2017-05-16,2019-08-23,829,130,0.8641586011313063,0.4592991385787179,2
10022750,84292.23,1094.7042857142856,77,495,79873.3299,34671.82,2017-01-01,2019-12-13,1076,18,0.9475764243038771,0.41132877846510885,2
10022755,201642.36,2585.1584615384613,78,971,170505.51320000002,89613.96,2017-03-26,2017-11-26,245,765,0.845583800943413,0.444420309304057,0
10022764,22568.43,2051.6754545454546,11,76,16384.59,9089.94,2017-03-18,2018-03-19,366,652,0.7259960041527036,0.4027723683038652,0
10022962,42312.58,1410.4193333333335,30,130,30473.3463,19457.24,2017-01-10,2018-03-17,431,654,0.7201958920963931,0.4598452753294647,0
10022978,12017.74,667.6522222222222,18,41,8366.1702,6055.8,2018-01-15,2018-03-14,58,657,0.6961517057283649,0.5039050603524456,0
10023003,183348.38,890.0406796116505,206,768,149427.9801,88595.0,2017-01-08,2019-12-13,1069,18,0.8149948207887082,0.4832057965278995,2
10023022,3966.79,793.358,5,5,2977.44,1453.7199999999998,2017-05-13,2018-02-26,289,673,0.750591788322548,0.3664726390860116,0
10023023,1835767.8,22663.8,81,14953,2913.010199999995,895796.42,2017-01-08,2019-12-10,1066,21,0.0015868075472290097,0.4879682604739009,3
10023212,50619.06,640.7475949367089,79,243,39710.45,23159.93,2019-01-18,2019-12-28,344,3,0.7844959981477333,0.45753378272927236,2
10023221,417954.37,1029.4442610837439,406,1960,348066.2072,191922.45,2017-01-08,2019-11-17,1043,44,0.8327851846602298,0.45919474415353045,2
10023235,16947.63,706.15125,24,69,13644.1503,7860.389999999999,2017-02-07,2019-07-07,880,177,0.8050771877837786,0.4638046735738271,2
10023241,127197.6,1382.5826086956522,92,1510,132798.498,57019.89,2017-01-02,2019-12-06,1068,25,1.0440330477933544,0.44827803354780277,2
10023244,93773.79000000001,837.2659821428572,112,383,81789.2595,42479.43,2017-01-06,2019-12-30,1088,1,0.8721974391778342,0.4529989669821386,2
10023275,1464287.17,2573.4396660808434,569,4864,1360769.81,578239.09,2017-02-15,2019-12-13,1031,18,0.9293052878418652,0.39489459570966534,2
10023447,566639.68,968.6148376068377,585,2955,513663.90989999997,255618.8,2017-01-04,2019-12-28,1088,3,0.9065088945059405,0.451113483616255,2
10023471,726768.65,8353.66264367816,87,38966,5151.328800000001,217926.37,2017-02-06,2019-12-28,1055,3,0.007087989830051146,0.2998565912274834,3
10023489,132617.22,1004.675909090909,132,547,104824.7101,64151.87,2017-02-28,2018-03-20,385,651,0.7904306099916737,0.48373710442731344,0
10023495,135417.3,4669.562068965517,29,1047,141065.44199999998,50801.91,2017-01-21,2017-10-08,260,814,1.0417091612371536,0.3751508116023581,0
10023509,54000.0,54000.0,1,150,2250.0,14589.57,2019-07-08,2019-07-08,0,176,0.041666666666666664,0.27017722222222224,3
10023511,369283.26,1003.4871195652174,368,1875,336547.42720000003,161499.98,2017-02-15,2019-12-31,1049,0,0.911353055104637,0.43733360672780025,2
10023513,10382.65,943.8772727272727,11,108,6921.76,3912.74,2017-01-07,2017-11-17,314,774,0.6666660245698353,0.37685369342123637,0
10023516,25565.01,1704.3339999999998,15,39,18818.69,12145.47,2017-03-25,2017-12-01,251,760,0.7361111926027019,0.47508176214286635,0
10023524,938311.79,900.4911612284069,1042,4526,847123.3482,426275.19,2017-01-05,2019-12-24,1083,7,0.9028164808629336,0.45430015325715983,2
10023538,670387.23,2840.6238559322032,236,6296,731820.5,316487.38,2017-01-09,2019-06-14,886,200,1.0916384848201837,0.4720963733154643,2
10023703,49915.16,5546.128888888889,9,102,41223.999299999996,22619.94,2017-02-01,2017-12-31,333,730,0.8258813414601895,0.45316773501276963,0
10023715,1523389.18,7693.884747474747,198,29225,1528761.5906,765948.6799999999,2017-01-07,2019-06-09,883,205,1.0035266172758297,0.5027925168800267,2
10023757,73491.77,966.9969736842106,76,301,67340.923,31591.37,2017-01-03,2019-12-20,1081,11,0.9163056353112735,0.42986269074754896,2
10023759,43242.259999999995,3603.521666666666,12,108,35414.599500000004,20256.73,2018-01-22,2018-03-03,40,668,0.8189812350233315,0.468447532575772,0
10023760,14143.68,744.4042105263158,19,64,10926.42,7031.17,2018-01-06,2019-07-21,561,163,0.7725302043032648,0.497124510735537,2
10023778,98296.01,854.7479130434782,115,413,78367.7395,46736.45,2017-01-02,2017-12-25,357,736,0.7972626711908245,0.4754663999077887,0
10023780,1296.17,324.0425,4,12,1062.62,467.44,2018-01-22,2018-01-22,0,708,0.8198153020051381,0.36063170726062166,0
10023783,15921.32,612.3584615384615,26,38,11719.8301,8163.48,2017-02-27,2017-12-17,293,744,0.7361091982323074,0.5127388935088296,0
10023785,14559.26,2079.8942857142856,7,25,11770.429999999998,5100.179999999999,2017-01-07,2019-11-05,1032,56,0.8084497426380186,0.3503048918695043,2
10023793,341417.86,910.4476266666667,375,5394,337280.1291,160299.42,2017-01-06,2019-12-31,1089,0,0.9878807426770235,0.46951093888292783,2
10023964,206923.6,1831.1823008849558,113,649,183765.53220000002,88830.81,2017-01-10,2019-12-10,1064,21,0.8880839701223061,0.42929279212230986,2
10024003,169202.63999999998,3076.4116363636363,55,1893,222343.054,72894.20999999999,2017-01-06,2019-12-09,1067,22,1.3140637403766278,0.4308101221115699,2
10024006,406886.8,1312.538064516129,310,2700,337288.27,178921.21,2017-01-01,2017-12-30,363,731,0.8289486658205674,0.43973215646219044,0
10024009,3100.37,442.90999999999997,7,11,1283.3898,1668.6000000000001,2017-01-16,2018-03-10,418,661,0.4139473030638279,0.5381938284785365,0
10024010,42103.51,956.8979545454546,44,308,32275.5401,20049.1,2017-01-10,2018-03-12,426,659,0.7665759956830202,0.47618595219258436,0
10024016,640890.78,7539.891529411765,85,1790,573387.904,274740.31,2017-01-02,2019-07-08,917,176,0.8946733544832709,0.4286850717371843,2
10024022,395575.6,2930.1896296296295,135,3558,129050.9833,208331.94,2017-03-10,2019-12-28,1023,3,0.3262359541387285,0.52665518297893,3
10024034,107723.91,1035.8068269230769,104,632,84246.94,51916.79,2017-01-10,2018-03-04,418,667,0.7820635177464316,0.48194305238270685,0
10024246,30103.800000000003,2736.709090909091,11,77,27926.48,8049.3,2017-02-04,2019-06-14,860,200,0.9276729183691095,0.26738484842445137,2
10024248,341834.58999999997,730.4157905982905,468,1935,283622.6665,158591.56,2017-01-02,2018-03-17,439,654,0.8297073344742556,0.46394239974368895,0
10024255,3267.24,1633.62,2,4,2019.56,1088.32,2018-01-14,2018-01-28,14,702,0.6181241659627086,0.33310072109792976,0
10024260,158941.93,892.9321910112359,178,383,124672.7281,76866.0,2017-01-01,2017-12-29,362,732,0.7843916838055257,0.4836105865834145,0
10024262,16143.57,556.6748275862069,29,33,14161.0,7236.99,2017-01-10,2019-12-24,1078,7,0.877191352346476,0.4482893189052979,2
10024270,307872.65,2152.9555944055946,143,905,249458.72,139057.22,2017-01-02,2018-03-19,441,652,0.8102659330083396,0.45167123484336785,0
10024477,34363.22,3818.1355555555556,9,75,26044.22,16248.57,2017-05-09,2019-11-26,931,35,0.7579097651500645,0.47284771334001874,2
10024499,1559.17,259.8616666666667,6,37,1094.8700000000001,982.47,2017-03-05,2018-02-18,350,681,0.7022133571066658,0.6301237196713636,0
10024524,3379.58,1126.5266666666666,3,5,2366.73,1117.95,2017-10-13,2018-02-06,116,693,0.7003029962303008,0.3307955426413933,0
10024541,13595.699999999999,591.1173913043477,23,1905,10991.3,7518.39,2019-02-09,2019-11-26,290,35,0.8084394330560398,0.5529976389593769,2
10024550,164252.23,1164.9094326241136,141,510,123591.4284,71552.15,2017-01-07,2019-12-13,1070,18,0.7524490133254202,0.4356236137555027,2
10024704,2371.63,474.326,5,8,1625.85,1208.83,2018-02-28,2018-02-28,0,671,0.6855411678887515,0.5097042962013467,0
10024725,27486.08,1057.1569230769232,26,994,23359.239999999998,10046.6,2017-01-23,2018-03-06,407,665,0.8498570912985772,0.36551592660721355,0
10024743,11280.16,490.44173913043477,23,27,8909.9199,4858.37,2017-12-31,2019-12-08,707,23,0.7898753120523114,0.4307004510574318,2
10024880,229.27,229.27,1,2,9.55,163.52,2019-05-13,2019-05-13,0,232,0.04165394513019584,0.7132202207004842,3
10024915,15290.76,1390.0690909090908,11,28,9451.58,6509.6900000000005,2018-02-03,2018-03-19,44,652,0.6181236249865932,0.4257270403825579,0
10024924,5622.93,312.385,18,37,4657.39,1330.5,2017-01-06,2019-12-09,1067,22,0.8282852534177022,0.23662040964408235,2
10024930,641.82,641.82,1,1,518.88,328.37,2019-06-09,2019-06-09,0,205,0.8084509675609983,0.511623196534854,2
10024942,40639.83,2539.989375,16,122,38381.12,16030.5,2019-02-12,2019-12-10,301,21,0.9444212734157599,0.3944529295521167,2
10024999,31692.149999999998,1864.2441176470586,17,46,24882.3128,12150.57,2017-03-25,2019-12-08,988,23,0.785125426959042,0.3833936795073859,2
10025021,107522.28,3162.42,34,360,-19984.062100000003,43857.33,2017-01-08,2019-07-28,931,156,-0.18585973158307287,0.40789062508719126,3
10025022,827249.07,3996.3723188405793,207,3203,784422.17,307964.39,2017-01-07,2019-11-26,1053,35,0.9482297393214356,0.3722752930988487,2
10025023,43947.64,955.3834782608695,46,375,34728.78,27576.31,2017-01-24,2019-11-16,1026,45,0.7902308292322409,0.6274810205963278,2
10025024,9254771.72,53806.8123255814,172,364439,180881.2813000002,3316495.86,2017-01-16,2019-11-25,1043,36,0.01954465077826903,0.3583552312622574,1
10025025,962781.96,842.3289238845144,1143,4794,828141.9473,446610.19,2017-01-01,2019-12-28,1091,3,0.8601552394064385,0.46387469702901374,2
10025032,209207.16,1758.0433613445377,119,605,134867.1277,91970.35,2017-01-09,2019-12-08,1063,23,0.6446582789040299,0.4396137780370423,2
10025033,154183.15,842.5308743169398,183,565,133165.088,68674.24,2017-01-02,2019-12-27,1089,4,0.8636811999235973,0.44540690730472177,2
10025034,41015.97,788.7686538461538,52,388,31983.0707,20504.82,2018-02-27,2019-12-23,664,8,0.779771164743879,0.4999228349347827,2
10025036,30872.25,1403.284090909091,22,80,11680.5097,14747.52,2017-01-02,2019-11-09,1041,52,0.3783498028164452,0.47769501736996817,3
10025037,19385.93,510.156052631579,38,85,14188.45,9827.42,2017-12-25,2018-03-12,77,659,0.7318942139995347,0.5069357002733426,0
10025038,8831.92,588.7946666666667,15,23,6578.26,4319.2300000000005,2017-01-21,2018-01-07,351,723,0.7448278517015553,0.48904768159131884,0
10025039,3275015.91,18714.37662857143,175,18091,3126114.3346,1579871.07,2017-02-26,2018-03-19,386,652,0.9545340909809504,0.48240103664107087,0
10025040,108300.68000000001,3094.305142857143,35,337,105964.7845,45767.98,2019-02-10,2019-11-16,279,45,0.9784313865803981,0.42260103999347004,2
10025049,24927.58,415.4596666666667,60,795,26214.799899999998,6382.870000000001,2017-01-08,2019-09-16,981,106,1.0516383820651662,0.2560565445983926,2
10025051,37729.74,608.544193548387,62,223,28628.28,20967.29,2017-01-11,2017-12-19,342,742,0.7587722576407895,0.5557231510209188,0
10025052,5433005.93,159794.2920588235,34,160822,10339.38,1766515.25,2017-01-10,2019-12-09,1063,22,0.0019030680498447385,0.3251450988200928,1
10025061,14452.67,602.1945833333333,24,673,11595.89,6073.96,2017-02-22,2019-11-30,1011,31,0.8023354854154976,0.4202655979829333,2
10025062,98385.07,2236.024318181818,44,275,80779.76000000001,46393.99,2018-01-22,2018-03-20,57,651,0.8210570973827634,0.47155518616798253,0
10025063,945427.28,3922.9347717842325,241,2326,826268.0387,418798.13999999996,2017-01-05,2019-12-21,1080,10,0.8739625523604523,0.4429723457948029,2
10025086,2227.82,445.564,5,8,1639.9398,796.0500000000001,2019-01-27,2019-12-17,324,14,0.7361186271781383,0.3573224048621522,2
10025158,59983.06,1071.1260714285713,56,220,53823.4498,27153.49,2019-01-25,2019-12-13,322,18,0.8973108374264335,0.4526859750069437,2
10025237,107372.09,1376.5652564102563,78,5474,18780.2986,36540.61,2017-01-25,2019-11-16,1025,45,0.17490856888414857,0.340317581598719,3
10025238,90715.17,975.4319354838709,93,366,72057.6599,42428.83,2017-02-28,2018-03-20,385,651,0.7943286652056101,0.4677148265279115,0
10025239,44824.65,800.4401785714286,56,155,-1295.69,26149.79,2017-05-08,2018-03-18,314,653,-0.02890574717259365,0.5833796805998486,3
10025241,2356595.66,27087.30643678161,87,12956,24610.6603,1275027.4,2017-01-01,2019-12-06,1069,25,0.010443310542293029,0.541046315938645,3
10025242,59760.58,5976.058,10,6063,296.15999999999997,938.9800000000005,2017-02-19,2018-02-26,372,673,0.004955775194952926,0.01571236423742876,3
10025243,88578.47,798.0042342342342,111,229,68125.1496,43275.4,2017-01-09,2017-12-10,335,751,0.769093771883845,0.48855438573278587,0
10025246,10765.11,468.04826086956524,23,203,10501.76,4671.47,2017-05-27,2018-03-18,295,653,0.9755367107256684,0.4339454032518014,0
10025247,40374.35,4037.435,10,101,35820.978,15677.849999999999,2017-03-10,2018-01-20,316,710,0.8872211688856911,0.3883121338176342,0
10025248,214548.82,3636.4206779661017,59,1231,169494.7199,100428.59,2017-02-14,2019-12-30,1049,1,0.7900053698733929,0.4680920174718276,2
10025249,131593.92,1778.2962162162164,74,1263,121851.22,46338.14,2017-01-08,2018-02-17,405,682,0.9259639047153545,0.35212979444643033,0
10025250,990.72,495.36,2,4,41.28,990.72,2019-03-29,2019-09-27,182,95,0.041666666666666664,1.0,3
10025251,95665.06,2035.4268085106382,47,318,93175.0807,35366.95,2017-01-11,2019-12-28,1081,3,0.9739719046849499,0.36969558164705063,2
10025252,58631.23,528.2092792792793,111,324,43426.8198,28409.49,2017-01-15,2019-12-27,1076,4,0.7406772772803845,0.4845453523659661,2
10025264,226904.28,1226.5096216216216,185,989,172564.3771,113129.67,2017-01-10,2017-12-30,354,731,0.7605161837405624,0.4985788280414984,0
10025267,195632.84,764.19078125,256,1011,169190.96,87931.27,2017-01-03,2019-12-27,1088,4,0.864839257049072,0.44947090682729957,2
10025269,146615.1,740.480303030303,198,833,115813.7506,68152.59,2017-01-10,2019-12-24,1078,7,0.7899169362500861,0.4648401835827278,2
10025284,6745.68,449.71200000000005,15,19,4996.1398,2930.98,2017-02-22,2018-03-14,385,657,0.740642870696505,0.4344973375552946,0
10025285,60183.12,1719.5177142857144,35,184,40859.66,30329.260000000002,2017-01-22,2018-01-21,364,709,0.678922262587915,0.5039496124494709,0
10025287,43973.6,799.52,55,156,36081.8195,21196.38,2017-12-25,2018-03-19,84,652,0.820533672476213,0.4820251241654084,0
10025288,208423.57,2368.4496590909093,88,1660,194009.573,84740.06,2017-02-13,2019-12-29,1049,2,0.9308427688864556,0.40657618521743966,2
10025289,13993.400000000001,1999.0571428571432,7,37,10300.720000000001,6526.85,2017-05-16,2017-12-01,199,760,0.7361127388626066,0.46642345677247843,0
10025291,117396.26,1365.0727906976745,86,928,96296.1093,63520.09,2017-02-04,2018-03-19,408,652,0.8202655629744934,0.5410742216148964,0
10025296,11488.91,604.6794736842105,19,62,7876.17,5733.2699999999995,2017-12-31,2018-03-04,63,667,0.6855454520924962,0.4990264524658997,0
10025298,12268.01,721.6476470588235,17,20,8774.5188,5979.29,2017-12-31,2019-07-20,566,164,0.7152357065245301,0.48738874519991426,2
10025299,60944.96,1562.691282051282,39,212,50994.8398,25746.27,2017-01-10,2018-03-07,421,664,0.8367359630722541,0.4224511756181315,0
10025300,29285.16,532.4574545454545,55,140,24961.0894,12285.12,2019-01-18,2019-12-27,343,4,0.852346014158707,0.4194998422409166,2
10025302,6343.75,1585.9375,4,10,5289.57,3134.96,2017-12-24,2018-01-28,35,702,0.833823842364532,0.4941808866995074,0
10025304,140760.57,2513.581607142857,56,633,120896.3703,66367.76,2017-03-14,2018-03-19,370,652,0.8588795164725461,0.47149397022191647,0
10025305,90990.49,1935.9678723404256,47,1449,85343.38,51216.75,2017-01-17,2019-12-13,1060,18,0.9379373602669905,0.5628802526505792,2
10025353,2226746.1799999997,19881.66232142857,112,12625,141138.0002,1128424.82,2017-01-10,2019-12-15,1069,16,0.0633830660484169,0.5067595176024958,3
10025359,35910.85,641.2651785714286,56,135,29501.8695,16413.76,2019-01-13,2019-12-30,351,1,0.8215308047567796,0.457069660005263,2
10025392,54433.03999999999,3888.0742857142855,14,282,3243.64,26511.66,2019-02-11,2019-12-24,316,7,0.05958954340966443,0.4870508793923691,3
10025418,493.38,246.69,2,4,398.86,344.92,2019-03-17,2019-09-15,182,107,0.808423527504155,0.6990960314564839,2
10025467,8842.380000000001,2947.4600000000005,3,18,8702.039999999999,2479.11,2019-04-06,2019-12-07,245,24,0.9841287074294475,0.28036682431653015,2
10025495,66380.7,851.0346153846153,78,197,51639.729699999996,31545.27,2017-01-29,2019-09-02,946,120,0.7779328886257602,0.4752174954467187,2
10025508,125063.38,3789.799393939394,33,49290,17284.109099999998,31241.73,2017-01-17,2019-11-30,1047,31,0.13820279845307235,0.24980717776858422,3
10025515,87508.81,1861.8895744680851,47,292,33818.87,44990.42,2017-02-27,2018-03-11,377,660,0.38646246017972363,0.514124463582581,0
10025549,85423.22,837.4825490196079,102,305,79223.3496,35392.03,2017-05-01,2019-12-20,963,11,0.9274217197619101,0.41431393010003603,2
10025552,958175.33,3385.778551236749,283,5811,354100.2807,501035.66,2017-01-01,2019-08-11,952,142,0.36955687504498785,0.5229060322394232,3
10025558,7855.889999999999,981.9862499999999,8,23,6204.6362,3677.8599999999997,2019-05-28,2019-06-30,33,184,0.789806909210796,0.4681659239118674,2
10025560,63301.0,1055.0166666666667,60,228,52001.5898,30129.79,2017-01-14,2017-12-01,321,760,0.8214971295872103,0.47597652485742725,0
10025571,1715351.49,57178.383,30,14829,32223.39999999995,800877.2999999999,2017-01-01,2019-09-09,981,113,0.018785304462585653,0.4668881594640408,3
10025575,96304.22,837.428,115,420,77021.1292,46369.38,2017-01-10,2018-03-20,434,651,0.7997689945466564,0.4814885578222844,0
10025583,59386.43,836.4285915492958,71,311,36638.5598,31309.079999999998,2017-01-04,2019-11-23,1053,38,0.616951714389971,0.5272093304817279,2
10025737,5202201.6,433516.8,12,160800,216758.4,1544679.2,2019-01-25,2019-12-13,322,18,0.04166666666666667,0.29692797757011186,1
10025758,158700.21,3606.822954545454,44,1154,178777.93,56973.47,2017-03-27,2019-12-17,995,14,1.1265135061888072,0.35900059615548086,2
10025769,1473.62,736.81,2,2,1388.84,574.24,2019-02-25,2019-08-26,182,127,0.9424682075433287,0.38967983604999934,2
10025771,28017.96,1334.1885714285713,21,45,22223.9201,13000.17,2018-02-07,2019-12-13,674,18,0.7932026493006629,0.46399416659885306,2
10025778,982978.8099999999,3681.568576779026,267,7524,1235639.9289,472104.13,2017-01-11,2019-12-10,1063,21,1.2570361805662933,0.480279050979746,2
10025791,156419.13,2369.9868181818183,66,2135,131601.55,95964.07,2017-01-02,2018-02-19,413,680,0.8413392274973015,0.6135059695064152,0
10025814,42781.84,1584.5125925925925,27,95,39557.3303,17388.96,2018-02-20,2019-07-22,517,162,0.9246290084764939,0.40645657129286633,2
10025919,3251414.29,1178.0486557971014,2760,16168,2874879.0457,1429428.34,2017-01-01,2018-01-13,377,717,0.8841933968679212,0.439632791304488,2
10026006,1968.81,328.135,6,7,1449.26,841.81,2017-01-11,2017-07-11,181,903,0.7361096296747782,0.4275730009498123,0
10026009,224.55,224.55,1,2,161.27,117.72,2017-06-18,2017-06-18,0,926,0.7181919394344244,0.5242484969939879,0
10026023,56701.08,4050.077142857143,14,282,975.6,28779.7,2017-01-31,2017-12-12,315,749,0.017206021472606872,0.5075688152677162,3
10026038,11750.24,839.3028571428571,14,50,9277.238,5473.25,2017-01-08,2019-08-23,957,130,0.7895360435191111,0.46579899644603007,2
10026055,93436.46,502.346559139785,186,579,78833.2898,44346.19,2017-01-06,2019-12-27,1085,4,0.8437101512621518,0.4746133361644908,2
10026062,45023.06,2251.153,20,139,36813.25,16662.03,2017-01-09,2017-12-24,349,737,0.8176532203719605,0.3700776890775527,0
10026078,21936.64,914.0266666666666,24,38,15330.549500000001,10792.61,2017-01-25,2018-03-19,418,652,0.6988558639791692,0.49199011334461434,0
10026081,1376177.23,5096.952703703703,270,66194,-176598.3069,599307.87,2017-01-07,2019-12-31,1088,0,-0.12832526439926636,0.43548741901506394,3
10026268,130952.09999999999,1364.084375,96,487,105570.3604,61419.7,2017-03-26,2018-03-17,356,654,0.8061753908490205,0.4690241699064009,0
10026291,451328.29,3393.4457894736843,133,2699,452111.8172,203517.12,2018-01-01,2019-12-08,706,23,1.0017360471686807,0.450929233795648,2
10026294,264118.63,2164.9068032786886,122,810,193037.71970000002,96755.29000000001,2017-01-10,2019-12-14,1068,17,0.7308750605741064,0.3663326967885605,2
10026299,409127.57,4011.0546078431375,102,7688,381715.75200000004,213570.95,2017-01-02,2018-03-20,442,651,0.9329993380793185,0.5220155415094613,0
10026334,98481.88,1172.4033333333334,84,625,83953.5096,40161.66,2017-01-03,2019-11-29,1060,32,0.8524767155135544,0.40780760887180467,2
10026336,87990.77,1833.1410416666668,48,392,71321.0,41875.3,2017-01-21,2019-06-18,878,196,0.8105509248299566,0.47590559782577196,2
10026348,950567.9,15088.379365079365,63,14105,137574.93,499103.05,2017-01-22,2019-12-16,1058,15,0.144729198198256,0.5250577575783908,3
10026355,20115.13,1828.648181818182,11,157,15647.08,9470.57,2017-01-10,2019-12-20,1074,11,0.7778761559085126,0.47081823483119417,2
10026365,1307891.86,6083.217953488373,215,5869,1302071.2204,542719.17,2017-01-10,2019-12-21,1075,10,0.9955496017843554,0.41495721978115224,2
10026438,126320.59,2005.0887301587302,63,190,105269.56,57644.76,2019-01-13,2019-12-10,331,21,0.8333523458052247,0.45633700729231874,2
10026521,10296.76,1144.0844444444444,9,38,7702.39,5501.5199999999995,2017-02-01,2017-08-01,181,882,0.7480401602057346,0.5342962252203606,0
10026522,165052.74,1422.868448275862,116,875,129592.7757,72569.26,2017-02-04,2019-12-21,1050,10,0.7851597961960523,0.43967316143918606,2
10026532,177929.47,666.4025093632958,267,847,158588.8605,75655.8,2017-01-04,2019-12-29,1089,2,0.8913018203224008,0.4252010642194348,2
10026560,8388.01,1677.602,5,353,639.8376000000001,2849.2400000000002,2017-02-05,2019-06-01,846,213,0.07628002350974784,0.339680090987016,3
10026581,28410.43,835.6008823529412,34,62,20368.21,13824.11,2017-02-20,2018-03-20,393,651,0.7169271989195517,0.486585736294734,0
10026606,2994077.19,11427.775534351145,262,183416,122494.8572,762980.13,2017-01-03,2019-12-31,1092,0,0.04091239117318816,0.2548298128546245,3
10026839,413615.32,2110.282244897959,196,5476,372831.5846,216715.68,2017-01-01,2019-12-29,1092,2,0.9013969419701379,0.523954673632495,2
10026843,1710.35,427.5875,4,11,1198.46,913.64,2018-01-02,2018-02-20,49,679,0.7007103809161868,0.5341830619463853,0
10026861,13980.880000000001,582.5366666666667,24,57,10521.5899,6723.7,2017-01-02,2018-02-07,401,692,0.7525699312203524,0.4809210865124369,0
10026868,259926.25,1768.205782312925,147,1178,215494.5244,117391.39,2017-01-18,2019-09-22,977,100,0.8290602599775898,0.4516334537200456,2
10027050,9050.29,696.176153846154,13,18,7316.68,2753.14,2019-02-09,2019-08-30,202,123,0.808447022139622,0.3042046166476433,2
10027053,822.6400000000001,411.32000000000005,2,3,537.09,389.52,2017-05-14,2018-01-08,239,722,0.6528858309831761,0.4734999513760575,0
10027082,2809.63,468.2716666666667,6,34,1600.58,980.75,2017-06-06,2019-09-06,822,116,0.5696764342635863,0.3490673149133516,2
10027119,327495.99,1860.7726704545455,176,1078,267434.8038,140296.71,2017-01-07,2019-12-06,1063,25,0.8166048194971792,0.42839214611452187,2
10027340,41986.93,1199.6265714285714,35,142,30907.1201,18815.42,2017-01-03,2019-12-23,1084,8,0.7361128832234222,0.44812564290840023,2
10027348,102632.31,7330.879285714285,14,783,175.2937999999998,56530.92,2017-05-19,2019-05-28,739,217,0.001707978705731166,0.5508101688444896,3
10027356,20709.46,986.1647619047619,21,152,15534.61,10353.45,2018-01-02,2018-03-20,77,651,0.7501214420849216,0.499938192497535,0
10027370,1442957.11,6140.243021276596,235,6266,1298272.3098,663235.03,2017-01-15,2019-08-06,933,147,0.8997303529000941,0.45963599708102204,2
10027381,70994.97,657.3608333333333,108,408,56165.9989,33926.91,2017-03-07,2018-03-14,372,657,0.7911264544516322,0.4778776580932424,0
10027560,48482.74,1154.3509523809523,42,101,32383.26,20552.239999999998,2017-02-11,2017-12-26,318,735,0.6679337842704435,0.4239083847158803,0
10027572,92219.07,1773.443653846154,52,200,77902.2488,42079.45,2017-05-09,2019-11-30,935,31,0.8447520539949058,0.4562987893935603,2
10027575,3548.62,709.7239999999999,5,6,2432.7400000000002,1412.5900000000001,2018-01-02,2018-03-06,63,665,0.6855453669313706,0.39806741775676185,0
10027583,76342.2,3053.688,25,229,29428.510000000002,36448.14,2017-04-29,2019-08-10,833,143,0.38548155541758033,0.47743109315686477,3
